,Date,Afghanistan,Albania,Algeria,Andorra,Angola,Antigua and Barbuda,Argentina,Armenia,Australia Australian Capital Territory,Australia From Diamond Princess,Australia New South Wales,Australia Northern Territory,Australia Queensland,Australia South Australia,Australia Tasmania,Australia Victoria,Australia Western Australia,Austria,Azerbaijan,"Bahamas, The",Bahrain,Bangladesh,Barbados,Belarus,Belgium,Benin,Bhutan,Bolivia,Bosnia and Herzegovina,Brazil,Brunei,Bulgaria,Burkina Faso,Cabo Verde,Cambodia,Cameroon,Canada Alberta,Canada British Columbia,Canada Grand Princess,Canada Manitoba,Canada New Brunswick,Canada Newfoundland and Labrador,Canada Northwest Territories,Canada Nova Scotia,Canada Ontario,Canada Prince Edward Island,Canada Quebec,Canada Saskatchewan,Cape Verde,Central African Republic,Chad,Chile,China Anhui,China Beijing,China Chongqing,China Fujian,China Gansu,China Guangdong,China Guangxi,China Guizhou,China Hainan,China Hebei,China Heilongjiang,China Henan,China Hong Kong,China Hubei,China Hunan,China Inner Mongolia,China Jiangsu,China Jiangxi,China Jilin,China Liaoning,China Macau,China Ningxia,China Qinghai,China Shaanxi,China Shandong,China Shanghai,China Shanxi,China Sichuan,China Tianjin,China Tibet,China Xinjiang,China Yunnan,China Zhejiang,Colombia,Congo (Brazzaville),Congo (Kinshasa),Costa Rica,Cote d'Ivoire,Croatia,Cruise Ship Diamond Princess,Cuba,Cyprus,Czechia,Denmark Denmark,Denmark Faroe Islands,Denmark Greenland,Djibouti,Dominica,Dominican Republic,East Timor,Ecuador,Egypt,El Salvador,Equatorial Guinea,Eritrea,Estonia,Eswatini,Ethiopia,Fiji,Finland,France France,France French Guiana,France French Polynesia,France Guadeloupe,France Mayotte,France New Caledonia,France Reunion,France Saint Barthelemy,France St Martin,Gabon,"Gambia, The",Georgia,Germany,Ghana,Greece,Grenada,Guatemala,Guinea,Guyana,Haiti,Holy See,Honduras,Hungary,Iceland,India,Indonesia,Iran,Iraq,Ireland,Israel,Italy,Jamaica,Japan,Jordan,Kazakhstan,Kenya,"Korea, South",Kosovo,Kuwait,Kyrgyzstan,Latvia,Lebanon,Liberia,Liechtenstein,Lithuania,Luxembourg,Madagascar,Malaysia,Maldives,Malta,Martinique,Mauritania,Mauritius,Mexico,Moldova,Monaco,Mongolia,Montenegro,Morocco,Mozambique,Namibia,Nepal,Netherlands Aruba,Netherlands Curacao,Netherlands Netherlands,Netherlands Sint Maarten,New Zealand,Nicaragua,Niger,Nigeria,North Macedonia,Norway,Oman,Pakistan,Panama,Papua New Guinea,Paraguay,Peru,Philippines,Poland,Portugal,Qatar,Romania,Russia,Rwanda,Saint Lucia,Saint Vincent and the Grenadines,San Marino,Saudi Arabia,Senegal,Serbia,Seychelles,Singapore,Slovakia,Slovenia,Somalia,South Africa,Spain,Sri Lanka,Sudan,Suriname,Sweden,Switzerland,Syria,Taiwan*,Tanzania,Thailand,Timor-Leste,Togo,Trinidad and Tobago,Tunisia,Turkey,"US Adams, IN",US Alabama,"US Alachua, FL","US Alameda County, CA",US Alaska,"US Anoka, MN","US Arapahoe, CO",US Arizona,US Arkansas,"US Arlington, VA","US Beadle, SD","US Bennington County, VT","US Bergen County, NJ","US Berkshire County, MA","US Bernalillo, NM","US Bon Homme, SD","US Boone, IN","US Broward County, FL","US Bucks, PA","US Burlington, NJ","US Calaveras, CA",US California,"US Camden, NC","US Camden, NJ","US Carver County, MN","US Charles Mix, SD","US Charleston County, SC","US Charlotte County, FL","US Charlton, GA","US Chatham County, NC","US Cherokee County, GA","US Clark County, NV","US Clark County, WA","US Cobb County, GA","US Collier, FL","US Collin County, TX",US Colorado,US Connecticut,"US Contra Costa County, CA","US Cook County, IL","US Cuyahoga, OH","US Dallas, TX","US Dane, WI","US Davidson County, TN","US Davis County, UT","US Davison, SD","US DeKalb, GA",US Delaware,"US Delaware County, PA","US Denver County, CO","US Deschutes, OR",US Diamond Princess,US District of Columbia,"US Douglas County, CO","US Douglas County, NE","US Douglas County, OR","US Eagle, CO","US El Paso County, CO","US Essex, MA","US Fairfax County, VA","US Fairfield, CT","US Fayette County, KY","US Fayette, GA",US Florida,"US Floyd, GA","US Fort Bend County, TX","US Fresno County, CA","US Fulton County, GA",US Georgia,"US Grafton County, NH",US Grand Princess,"US Grant County, WA","US Gregg, TX",US Guam,"US Gunnison, CO","US Gwinnett, GA","US Hanover, VA","US Harford County, MD","US Harris County, TX","US Harrison County, KY",US Hawaii,"US Hendricks County, IN","US Hillsborough, FL","US Honolulu County, HI","US Howard, IN","US Hudson County, NJ","US Humboldt County, CA",US Idaho,US Illinois,US Indiana,US Iowa,"US Island, WA","US Jackson County, OR ","US Jefferson County, KY","US Jefferson County, WA","US Jefferson Parish, LA","US Jefferson, CO","US Johnson County, IA","US Johnson County, KS","US Johnson, IN","US Kane, IL",US Kansas,US Kentucky,"US Kershaw County, SC","US King County, WA","US Kitsap, WA","US Kittitas County, WA","US Klamath County, OR","US Knox, NE","US Lake, IL","US Lancaster, SC","US Larimer, CO","US Lee County, FL","US Litchfield, CT","US Los Angeles, CA","US Loudoun, VA",US Louisiana,"US Madera County, CA",US Maine,"US Manatee County, FL","US Maricopa County, AZ","US Marin, CA","US Marion County, IN","US Marion County, OR",US Maryland,US Massachusetts,"US McHenry, IL",US Michigan,"US Middlesex County, MA","US Middlesex, NJ","US Minnehaha, SD",US Minnesota,US Mississippi,US Missouri,"US Monmouth, NJ","US Monroe, PA",US Montana,"US Montgomery County, MD","US Montgomery County, PA","US Montgomery, TX","US Multnomah, OR","US Napa, CA","US Nassau County, NY","US Nassau, FL",US Nebraska,US Nevada,"US New Castle, DE",US New Hampshire,US New Jersey,US New Mexico,US New York,"US New York County, NY","US Noble, IN","US Norfolk County, MA","US Norfolk, VA",US North Carolina,US North Dakota,"US Oakland, MI",US Ohio,"US Okaloosa County, FL",US Oklahoma,"US Olmsted, MN","US Orange County, CA",US Oregon,"US Orleans, LA","US Pasco, FL","US Passaic, NJ","US Pennington, SD",US Pennsylvania,"US Philadelphia, PA","US Pierce County, WA","US Pierce, WI","US Pima, AZ","US Pinal County, AZ","US Pinellas, FL","US Placer County, CA","US Polk County, GA","US Polk, OR","US Pottawattamie, IA","US Prince George's, MD","US Providence County, RI",US Puerto Rico,"US Ramsey County, MN",US Rhode Island,"US Riverside County, CA","US Rockingham County, NH","US Rockland County, NY","US Sacramento County, CA","US San Benito, CA","US San Diego County, CA","US San Francisco County, CA","US San Joaquin, CA","US San Mateo, CA","US Santa Clara County, CA","US Santa Cruz, CA","US Santa Rosa County, FL","US Saratoga County, NY","US Shasta County, CA","US Shelby County, TN","US Skagit, WA","US Snohomish County, WA","US Socorro, NM","US Solano, CA","US Sonoma County, CA",US South Carolina,US South Dakota,"US Spartanburg County, SC","US Spotsylvania, VA","US St. Joseph, IN","US St. Louis County, MO","US Stanislaus, CA","US Stark, OH","US Suffolk County, MA","US Suffolk County, NY","US Sullivan, TN","US Summit County, CO","US Summit, UT","US Tarrant, TX",US Tennessee,US Texas,"US Thurston, WA","US Tulsa County, OK","US Ulster County, NY","US Umatilla, OR","US Union, NJ",US Utah,"US Ventura, CA",US Vermont,US Virgin Islands,US Virginia,"US Volusia County, FL","US Wake County, NC",US Washington,"US Washington County, OR","US Washington, D.C.","US Washoe County, NV","US Wayne County, PA","US Wayne, MI","US Weber, UT",US West Virginia,"US Westchester County, NY","US Whatcom, WA","US Williamson County, TN",US Wisconsin,"US Worcester, MA",US Wyoming,"US Yolo County, CA",Uganda,Ukraine,United Arab Emirates,United Kingdom Bermuda,United Kingdom Cayman Islands,United Kingdom Channel Islands,United Kingdom Gibraltar,United Kingdom Isle of Man,United Kingdom Montserrat,United Kingdom United Kingdom,Uruguay,Uzbekistan,Venezuela,Vietnam,Zambia,Zimbabwe
0,1/22/20,0,0,0,0,0,0,0,0,0,0,0,0,0,0,0,0,0,0,0,0,0,0,0,0,0,0,0,0,0,0,0,0,0,0,0,0,0,0,0,0,0,0,0,0,0,0,0,0,0,0,0,0,1,14,6,1,0,26,2,1,4,1,0,5,0,416,4,0,1,2,0,2,1,1,0,0,2,9,1,5,4,0,0,1,10,0,0,0,0,0,0,0,0,0,0,0,0,0,0,0,0,0,0,0,0,0,0,0,0,0,0,0,0,0,0,0,0,0,0,0,0,0,0,0,0,0,0,0,0,0,0,0,0,0,0,0,0,0,0,0,0,0,0,0,2,0,0,0,1,0,0,0,0,0,0,0,0,0,0,0,0,0,0,0,0,0,0,0,0,0,0,0,0,0,0,0,0,0,0,0,0,0,0,0,0,0,0,0,0,0,0,0,0,0,0,0,0,0,0,0,0,0,0,0,0,0,0,0,0,0,0,0,0,0,0,0,1,0,2,0,0,0,0,0,0,0,0,0,0,0,0,0,0,0,0,0,0,0,0,0,0,0,0,0,0,0,0,0,0,0,0,0,0,0,0,0,0,0,0,0,0,0,0,0,0,0,0,0,0,0,0,0,0,0,0,0,0,0,0,0,0,0,0,0,0,0,0,0,0,0,0,0,0,0,0,0,0,0,0,0,0,0,0,0,0,0,0,0,0,0,0,0,0,0,0,0,0,0,0,0,0,0,0,0,0,0,0,0,1,0,0,0,0,0,0,0,0,0,0,0,0,0,0,0,0,0,0,0,0,0,0,0,0,0,0,0,0,0,0,0,0,0,0,0,0,0,0,0,0,0,0,0,0,0,0,0,0,0,0,0,0,0,0,0,0,0,0,0,0,0,0,0,0,0,0,0,0,0,0,0,0,0,0,0,0,0,0,0,0,0,0,0,0,0,0,0,0,0,0,0,0,0,0,0,0,0,0,0,0,0,0,0,0,0,0,0,0,0,0,0,0,0,0,0,0,0,0,0,0,0,0,0,0,0,0,0,0,0,0,0,0,0,0,0,0,0,0,0,0,0,0,0,0,0,0,0,0,0,0,0,0,0,0,0,0,0,0
1,1/23/20,0,0,0,0,0,0,0,0,0,0,0,0,0,0,0,0,0,0,0,0,0,0,0,0,0,0,0,0,0,0,0,0,0,0,0,0,0,0,0,0,0,0,0,0,0,0,0,0,0,0,0,0,9,22,9,5,2,30,5,3,5,1,2,5,2,416,9,0,5,7,1,3,2,1,0,3,6,16,1,8,4,0,2,2,27,0,0,0,0,0,0,0,0,0,0,0,0,0,0,0,0,0,0,0,0,0,0,0,0,0,0,0,0,0,0,0,0,0,0,0,0,0,0,0,0,0,0,0,0,0,0,0,0,0,0,0,0,0,0,0,0,0,0,0,1,0,0,0,1,0,0,0,0,0,0,0,0,0,0,0,0,0,0,0,0,0,0,0,0,0,0,0,0,0,0,0,0,0,0,0,0,0,0,0,0,0,0,0,0,0,0,0,0,0,0,0,0,0,0,0,0,0,0,0,1,0,0,0,0,0,0,0,0,0,0,0,1,0,3,0,0,0,0,0,0,0,0,0,0,0,0,0,0,0,0,0,0,0,0,0,0,0,0,0,0,0,0,0,0,0,0,0,0,0,0,0,0,0,0,0,0,0,0,0,0,0,0,0,0,0,0,0,0,0,0,0,0,0,0,0,0,0,0,0,0,0,0,0,0,0,0,0,0,0,0,0,0,0,0,0,0,0,0,0,0,0,0,0,0,0,0,0,0,0,0,0,0,0,0,0,0,0,0,0,0,0,0,0,1,0,0,0,0,0,0,0,0,0,0,0,0,0,0,0,0,0,0,0,0,0,0,0,0,0,0,0,0,0,0,0,0,0,0,0,0,0,0,0,0,0,0,0,0,0,0,0,0,0,0,0,0,0,0,0,0,0,0,0,0,0,0,0,0,0,0,0,0,0,0,0,0,0,0,0,0,0,0,0,0,0,0,0,0,0,0,0,0,0,0,0,0,0,0,0,0,0,0,0,0,0,0,0,0,0,0,0,0,0,0,0,0,0,0,0,0,0,0,0,0,0,0,0,0,0,0,0,0,0,0,0,0,0,0,0,0,0,0,0,0,0,0,0,0,0,0,0,0,0,0,0,0,0,0,0,2,0,0
2,1/24/20,0,0,0,0,0,0,0,0,0,0,0,0,0,0,0,0,0,0,0,0,0,0,0,0,0,0,0,0,0,0,0,0,0,0,0,0,0,0,0,0,0,0,0,0,0,0,0,0,0,0,0,0,15,35,27,10,2,51,23,3,8,2,4,9,2,518,24,1,9,18,3,4,2,2,0,5,15,19,1,15,8,0,2,5,42,0,0,0,0,0,0,0,0,0,0,0,0,0,0,0,0,0,0,0,0,0,0,0,0,0,0,0,2,0,0,0,0,0,0,0,0,0,0,0,0,0,0,0,0,0,0,0,0,0,0,0,0,0,0,0,0,0,0,0,2,0,0,0,2,0,0,0,0,0,0,0,0,0,0,0,0,0,0,0,0,0,0,0,0,0,0,0,0,0,0,0,0,0,0,0,0,0,0,0,0,0,0,0,0,0,0,0,0,0,0,0,0,0,0,0,0,0,0,0,3,0,0,0,0,0,0,0,0,0,0,0,3,0,5,0,0,0,0,0,0,0,0,0,0,0,0,0,0,0,0,0,0,0,0,0,0,0,0,0,0,0,0,0,0,0,0,0,0,0,0,0,0,0,0,0,0,0,0,1,0,0,0,0,0,0,0,0,0,0,0,0,0,0,0,0,0,0,0,0,0,0,0,0,0,0,0,0,0,0,0,0,0,0,0,0,0,0,0,0,0,0,0,0,0,0,0,0,0,0,0,0,0,0,0,0,0,0,0,0,0,0,0,0,1,0,0,0,0,0,0,0,0,0,0,0,0,0,0,0,0,0,0,0,0,0,0,0,0,0,0,0,0,0,0,0,0,0,0,0,0,0,0,0,0,0,0,0,0,0,0,0,0,0,0,0,0,0,0,0,0,0,0,0,0,0,0,0,0,0,0,0,0,0,0,0,0,0,0,0,0,0,0,0,0,0,0,0,0,0,0,0,0,0,0,0,0,0,0,0,0,0,0,0,0,0,0,0,0,0,0,0,0,0,0,0,0,0,0,0,0,0,0,0,0,0,0,0,0,0,0,0,0,0,0,0,0,0,0,0,0,0,0,0,0,0,0,0,0,0,0,0,0,0,0,0,0,0,0,0,2,0,0
3,1/25/20,0,0,0,0,0,0,0,0,0,0,0,0,0,0,0,0,0,0,0,0,0,0,0,0,0,0,0,0,0,0,0,0,0,0,0,0,0,0,0,0,0,0,0,0,0,0,0,0,0,0,0,0,39,39,57,18,4,76,23,4,19,8,9,32,5,729,43,7,17,18,4,17,2,3,1,15,27,32,6,28,10,0,3,11,61,0,0,0,0,0,0,0,0,0,0,0,0,0,0,0,0,0,0,0,0,0,0,0,0,0,0,0,3,0,0,0,0,0,0,0,0,0,0,0,0,0,0,0,0,0,0,0,0,0,0,0,0,0,0,0,0,0,0,0,2,0,0,0,2,0,0,0,0,0,0,0,0,0,0,3,0,0,0,0,0,0,0,0,0,0,0,0,0,1,0,0,0,0,0,0,0,0,0,0,0,0,0,0,0,0,0,0,0,0,0,0,0,0,0,0,0,0,0,0,3,0,0,0,0,0,0,0,0,0,0,0,3,0,7,0,0,0,0,0,0,0,0,0,0,0,0,0,0,0,0,0,0,0,0,0,0,0,0,0,0,0,0,0,0,0,0,0,0,0,0,0,0,0,0,0,0,0,0,1,0,0,0,0,0,0,0,0,0,0,0,0,0,0,0,0,0,0,0,0,0,0,0,0,0,0,0,0,0,0,0,0,0,0,0,0,0,0,0,0,0,0,0,0,0,0,0,0,0,0,0,0,0,0,0,0,0,0,0,0,0,0,0,0,1,0,0,0,0,0,0,0,0,0,0,0,0,0,0,0,0,0,0,0,0,0,0,0,0,0,0,0,0,0,0,0,0,0,0,0,0,0,0,0,0,0,0,0,0,0,0,0,0,0,0,0,0,0,0,0,0,0,0,0,0,0,0,0,0,0,0,0,0,0,0,0,0,0,0,0,0,0,0,0,0,0,0,0,0,0,0,0,0,0,0,0,0,0,0,0,0,0,0,0,0,0,0,0,0,0,0,0,0,0,0,0,0,0,0,0,0,0,0,0,0,0,0,0,0,0,0,0,0,0,0,0,0,0,0,0,0,0,0,0,0,0,0,0,0,0,0,0,0,0,0,0,0,0,0,0,2,0,0
4,1/26/20,0,0,0,0,0,0,0,0,0,0,3,0,0,0,0,1,0,0,0,0,0,0,0,0,0,0,0,0,0,0,0,0,0,0,0,0,0,0,0,0,0,0,0,0,1,0,0,0,0,0,0,0,60,66,75,35,7,109,36,5,22,13,15,83,8,1016,69,7,32,36,4,21,5,4,1,22,46,39,9,44,14,0,4,16,103,0,0,0,0,0,0,0,0,0,0,0,0,0,0,0,0,0,0,0,0,0,0,0,0,0,0,0,3,0,0,0,0,0,0,0,0,0,0,0,0,0,0,0,0,0,0,0,0,0,0,0,0,0,0,0,0,0,0,0,3,0,0,0,3,0,0,0,0,0,0,0,0,0,0,4,0,0,0,0,0,0,0,0,0,0,0,0,0,1,0,0,0,0,0,0,0,0,0,0,0,0,0,0,0,0,0,0,0,0,0,0,0,0,0,0,0,0,0,0,4,0,0,0,0,0,0,0,0,0,0,0,4,0,6,0,0,0,0,0,0,0,0,0,0,0,0,0,0,0,0,0,0,0,0,0,0,0,0,0,0,0,0,0,0,0,0,0,0,0,0,0,0,0,0,0,0,0,0,1,0,0,0,0,0,0,0,0,0,0,0,0,0,0,0,0,0,0,0,0,0,0,0,0,0,0,0,0,0,0,0,0,0,0,0,0,0,0,0,0,0,0,0,0,0,0,0,0,0,0,0,0,0,0,0,0,0,0,0,0,0,0,0,0,1,0,0,0,0,0,0,0,0,0,1,0,0,0,0,0,1,0,0,0,0,0,0,0,0,0,0,0,0,0,0,0,0,0,0,0,0,0,0,0,0,0,0,0,0,0,0,0,0,0,0,0,0,0,0,0,0,0,1,0,0,0,0,0,0,0,0,0,0,0,0,0,0,0,0,0,0,0,0,0,0,0,0,0,0,0,0,0,0,0,0,0,0,0,0,0,0,0,0,0,0,0,0,0,0,0,0,0,0,0,0,0,0,0,0,0,0,0,0,0,0,0,0,0,0,0,0,0,0,0,0,0,0,0,0,0,0,0,0,0,0,0,0,0,0,0,0,0,0,0,0,0,0,0,0,0,2,0,0
5,1/27/20,0,0,0,0,0,0,0,0,0,0,4,0,0,0,0,1,0,0,0,0,0,0,0,0,0,0,0,0,0,0,0,0,0,0,1,0,0,0,0,0,0,0,0,0,1,0,0,0,0,0,0,0,70,78,110,59,14,147,46,7,33,18,21,128,8,1378,100,11,46,70,6,27,6,7,6,35,75,50,13,69,23,0,5,26,127,0,0,0,0,0,0,0,0,0,0,0,0,0,0,0,0,0,0,0,0,0,0,0,0,0,0,0,3,0,0,0,0,0,0,0,0,0,0,0,1,0,0,0,0,0,0,0,0,0,0,0,0,0,0,0,0,0,0,0,3,0,0,0,4,0,0,0,0,0,0,0,0,0,0,4,0,0,0,0,0,0,0,0,0,0,0,0,0,1,0,0,0,0,0,0,0,0,0,0,0,0,0,0,0,0,0,0,0,0,0,0,0,0,0,0,0,0,0,0,5,0,0,0,0,0,1,0,0,0,0,0,5,0,6,0,0,0,0,0,0,0,0,0,0,0,0,0,0,0,0,0,0,0,0,0,0,0,0,0,0,0,0,0,0,0,0,0,0,0,0,0,0,0,0,0,0,0,0,1,0,0,0,0,0,0,0,0,0,0,0,0,0,0,0,0,0,0,0,0,0,0,0,0,0,0,0,0,0,0,0,0,0,0,0,0,0,0,0,0,0,0,0,0,0,0,0,0,0,0,0,0,0,0,0,0,0,0,0,0,0,0,0,0,1,0,0,0,0,0,0,0,0,0,1,0,0,0,0,0,1,0,0,0,0,0,0,0,0,0,0,0,0,0,0,0,0,0,0,0,0,0,0,0,0,0,0,0,0,0,0,0,0,0,0,0,0,0,0,0,0,0,1,0,0,0,0,0,0,0,0,0,0,0,0,0,0,0,0,0,0,0,0,0,0,0,0,0,0,0,0,0,0,0,0,0,0,0,0,0,0,0,0,0,0,0,0,0,0,0,0,0,0,0,0,0,0,0,0,0,0,0,0,0,0,0,0,0,0,0,0,0,0,0,0,0,0,0,0,0,0,0,0,0,0,0,0,0,0,0,0,0,0,0,0,0,0,0,0,0,2,0,0
6,1/28/20,0,0,0,0,0,0,0,0,0,0,4,0,0,0,0,1,0,0,0,0,0,0,0,0,0,0,0,0,0,0,0,0,0,0,1,0,0,1,0,0,0,0,0,0,1,0,0,0,0,0,0,0,106,87,132,80,19,203,49,9,40,33,33,168,8,3474,143,15,69,106,8,34,7,11,6,46,95,62,27,90,24,0,10,44,170,0,0,0,0,0,0,0,0,0,0,0,0,0,0,0,0,0,0,0,0,0,0,0,0,0,0,0,4,0,0,0,0,0,0,0,0,0,0,0,4,0,0,0,0,0,0,0,0,0,0,0,0,0,0,0,0,0,0,0,6,0,0,0,4,0,0,0,0,0,0,0,0,0,0,4,0,0,0,0,0,0,0,0,0,0,0,0,0,1,0,0,0,0,0,0,0,0,0,0,0,0,0,0,0,0,0,0,0,0,0,0,0,0,0,0,0,0,0,0,7,0,0,0,0,0,1,0,0,0,0,0,8,0,9,0,0,0,0,0,0,0,0,0,0,0,0,0,0,0,0,0,0,0,0,0,0,0,0,0,0,0,0,0,0,0,0,0,0,0,0,0,0,0,0,0,0,0,0,1,0,0,0,0,0,0,0,0,0,0,0,0,0,0,0,0,0,0,0,0,0,0,0,0,0,0,0,0,0,0,0,0,0,0,0,0,0,0,0,0,0,0,0,0,0,0,0,0,0,0,0,0,0,0,0,0,0,0,0,0,0,0,0,0,1,0,0,0,0,0,0,0,0,0,1,0,0,0,0,0,1,0,0,0,0,0,0,0,0,0,0,0,0,0,0,0,0,0,0,0,0,0,0,0,0,0,0,0,0,0,0,0,0,0,0,0,0,0,0,0,0,0,1,0,0,0,0,0,0,0,0,0,0,0,0,0,0,0,0,0,0,0,0,0,0,0,0,0,0,0,0,0,0,0,0,0,0,0,0,0,0,0,0,0,0,0,0,0,0,0,0,0,0,0,0,0,0,0,0,0,0,0,0,0,0,0,0,0,0,0,0,0,0,0,0,0,0,0,0,0,0,0,0,0,0,0,0,0,0,0,0,0,0,0,0,0,0,0,0,0,2,0,0
7,1/29/20,0,0,0,0,0,0,0,0,0,0,4,0,1,0,0,1,0,0,0,0,0,0,0,0,0,0,0,0,0,0,0,0,0,0,1,0,0,1,0,0,0,0,0,0,1,0,0,0,0,0,0,0,150,107,146,84,24,272,56,8,43,48,38,205,10,3466,221,16,98,106,9,38,7,12,6,56,129,91,26,107,27,0,13,55,293,0,0,0,0,0,0,0,0,0,0,0,0,0,0,0,0,0,0,0,0,0,0,0,0,0,0,1,5,0,0,0,0,0,0,0,0,0,0,0,4,0,0,0,0,0,0,0,0,0,0,0,0,0,0,0,0,0,0,0,6,0,0,0,4,0,0,0,0,0,0,0,0,0,0,7,0,0,0,0,0,0,0,0,0,0,0,0,0,1,0,0,0,0,0,0,0,0,0,0,0,0,0,0,0,0,0,0,0,0,0,0,0,0,0,0,0,0,0,0,7,0,0,0,0,0,1,0,0,0,0,0,8,0,9,0,0,0,0,0,0,0,0,0,0,0,0,0,0,0,0,0,0,0,0,0,0,0,0,0,0,0,0,0,0,0,0,0,0,0,0,0,0,0,0,0,0,0,0,1,0,0,0,0,0,0,0,0,0,0,0,0,0,0,0,0,0,0,0,0,0,0,0,0,0,0,0,0,0,0,0,0,0,0,0,0,0,0,0,0,0,0,0,0,0,0,0,0,0,0,0,0,0,0,0,0,0,0,0,0,0,0,0,0,1,0,0,0,0,0,0,0,0,0,1,0,0,0,0,0,1,0,0,0,0,0,0,0,0,0,0,0,0,0,0,0,0,0,0,0,0,0,0,0,0,0,0,0,0,0,0,0,0,0,0,0,0,0,0,0,0,0,1,0,0,0,0,0,0,0,0,0,0,0,0,0,0,0,0,0,0,0,0,0,0,0,0,0,0,0,0,0,0,0,0,0,0,0,0,0,0,0,0,0,0,0,0,0,0,0,0,0,0,0,0,0,0,0,0,0,0,0,0,0,0,0,0,0,0,0,0,0,0,0,0,0,0,0,0,0,0,0,0,0,0,0,0,0,0,4,0,0,0,0,0,0,0,0,0,0,2,0,0
8,1/30/20,0,0,0,0,0,0,0,0,0,0,2,0,3,0,0,2,0,0,0,0,0,0,0,0,0,0,0,0,0,0,0,0,0,0,1,0,0,1,0,0,0,0,0,0,1,0,0,0,0,0,0,0,198,110,181,101,26,344,76,11,45,65,44,276,10,4813,275,19,128,157,13,40,7,17,8,63,157,107,34,141,31,1,14,70,424,0,0,0,0,0,0,0,0,0,0,0,0,0,0,0,0,0,0,0,0,0,0,0,0,0,0,1,5,0,0,0,0,0,0,0,0,0,0,0,4,0,0,0,0,0,0,0,0,0,0,0,1,0,0,0,0,0,0,0,10,0,0,0,4,0,0,0,0,0,0,0,0,0,0,8,0,0,0,0,0,0,0,0,0,0,0,0,0,1,0,0,0,0,0,0,0,0,0,0,0,0,0,0,0,0,1,0,0,0,0,0,0,0,0,0,0,0,0,0,10,0,0,0,0,0,1,0,0,0,0,0,9,0,9,0,0,0,0,0,0,0,0,0,0,0,0,0,0,0,0,0,0,0,0,0,0,0,0,0,0,0,0,0,0,0,0,0,0,0,0,0,0,0,0,0,0,0,0,1,0,0,0,0,0,0,0,0,0,0,0,0,0,0,0,0,0,0,0,0,0,0,0,0,0,0,0,0,0,0,0,0,0,0,0,0,0,0,0,0,0,0,0,0,0,0,0,0,0,0,0,0,0,0,0,0,0,0,0,0,0,0,0,0,1,0,0,0,0,0,0,0,0,0,1,0,0,0,0,0,1,0,0,0,0,0,0,0,0,0,0,0,0,0,0,0,0,0,0,0,0,0,0,0,0,0,0,0,0,0,0,0,0,0,0,0,0,0,0,0,0,0,1,0,0,0,0,0,0,0,0,0,0,0,0,0,0,0,0,0,0,0,0,0,0,0,0,0,0,0,0,0,0,0,0,0,0,0,0,0,0,0,0,0,0,0,0,0,0,0,0,0,0,0,0,0,0,0,0,0,0,0,0,0,0,0,0,0,0,0,0,0,0,0,0,0,0,0,0,0,0,0,0,0,0,0,0,0,0,4,0,0,0,0,0,0,0,0,0,0,2,0,0
9,1/31/20,0,0,0,0,0,0,0,0,0,0,2,0,2,0,0,3,0,0,0,0,0,0,0,0,0,0,0,0,0,0,0,0,0,0,1,0,0,1,0,0,0,0,0,0,3,0,0,0,0,0,0,0,234,134,210,120,29,425,85,27,51,82,59,349,12,5665,330,19,163,233,13,47,7,21,8,87,182,126,38,176,32,1,17,82,524,0,0,0,0,0,0,0,0,0,0,0,0,0,0,0,0,0,0,0,0,0,0,0,0,0,0,1,5,0,0,0,0,0,0,0,0,0,0,0,5,0,0,0,0,0,0,0,0,0,0,0,1,0,0,0,0,0,2,0,14,0,0,0,11,0,0,0,0,0,0,0,0,0,0,8,0,0,0,0,0,0,0,0,0,0,0,0,0,1,0,0,0,0,0,0,0,0,0,0,0,0,0,0,0,0,1,0,0,0,0,2,0,0,0,0,0,0,0,0,13,0,0,0,0,0,1,0,0,1,0,0,10,0,14,0,0,0,0,0,0,0,0,0,0,0,0,0,0,0,0,0,0,0,0,0,0,0,0,0,0,0,0,0,0,0,0,0,0,0,0,0,0,0,0,0,0,0,0,2,0,0,0,0,0,0,0,0,0,0,0,0,0,0,0,0,0,0,0,0,0,0,0,0,0,0,0,0,0,0,0,0,0,0,0,0,0,0,0,0,0,0,0,0,0,0,0,0,0,0,0,0,0,0,0,0,0,0,0,0,0,0,0,0,1,0,0,0,0,0,0,0,0,0,1,0,0,0,0,0,1,0,0,0,0,0,0,0,0,0,0,0,0,0,0,0,0,0,0,0,0,0,0,0,0,0,0,0,0,0,0,0,0,0,0,0,0,0,0,0,0,0,1,0,0,0,0,0,0,0,0,0,0,0,0,0,0,0,0,0,0,0,0,0,0,0,0,0,0,0,0,0,0,1,0,0,0,0,0,0,0,0,0,0,0,0,0,0,0,0,0,0,0,0,0,0,0,0,0,0,0,0,0,0,0,0,0,0,0,0,0,0,0,0,0,0,0,0,0,0,0,0,0,0,0,0,0,0,0,4,0,0,0,0,0,0,2,0,0,0,2,0,0
10,2/1/20,0,0,0,0,0,0,0,0,0,0,2,0,3,1,0,4,0,0,0,0,0,0,0,0,0,0,0,0,0,0,0,0,0,0,1,0,0,1,0,0,0,0,0,0,3,0,0,0,0,0,0,0,292,159,244,144,40,521,98,27,61,96,78,419,13,6985,381,22,196,277,16,63,7,26,9,101,203,159,46,204,41,1,18,91,578,0,0,0,0,0,0,0,0,0,0,0,0,0,0,0,0,0,0,0,0,0,0,0,0,0,0,1,6,0,0,0,0,0,0,0,0,0,0,0,8,0,0,0,0,0,0,0,0,0,0,0,1,0,0,0,0,0,2,0,19,0,0,0,12,0,0,0,0,0,0,0,0,0,0,8,0,0,0,0,0,0,0,0,0,0,0,0,0,1,0,0,0,0,0,0,0,0,0,0,0,0,0,0,0,0,1,0,0,0,0,2,0,0,0,0,0,0,0,0,16,0,0,0,0,1,1,0,0,1,0,0,10,0,14,0,0,0,0,0,0,0,0,0,0,0,0,0,0,0,0,0,0,0,0,0,0,0,0,0,0,0,0,0,0,0,0,0,0,0,0,0,0,0,0,0,0,0,0,2,0,0,0,0,0,0,0,0,0,0,0,0,0,0,0,0,0,0,0,0,0,0,0,0,0,0,0,0,0,0,0,0,0,0,0,0,0,0,0,0,0,0,0,0,0,0,0,0,0,0,0,0,0,0,0,0,0,0,0,0,0,0,0,0,1,0,0,0,0,0,0,0,0,0,1,0,0,0,0,0,1,0,0,0,0,0,0,0,0,0,0,0,0,0,0,0,0,0,0,0,0,0,0,0,0,0,0,0,0,0,0,0,0,0,0,0,0,0,0,0,0,0,1,0,0,0,0,0,0,0,0,0,0,0,0,0,0,0,0,0,0,0,0,0,0,0,0,0,0,0,0,0,0,1,0,0,0,0,0,0,0,0,0,0,0,0,0,0,0,0,0,0,1,0,0,0,0,0,0,0,0,0,0,0,0,0,0,0,0,0,0,0,0,0,0,0,0,0,0,0,0,0,0,0,0,0,0,0,0,4,0,0,0,0,0,0,2,0,0,0,5,0,0
11,2/2/20,0,0,0,0,0,0,0,0,0,0,2,0,2,2,0,4,0,0,0,0,0,0,0,0,0,0,0,0,0,0,0,0,0,0,1,0,0,1,0,0,0,0,0,0,3,0,0,0,0,0,0,0,333,182,293,159,48,617,109,36,60,101,93,483,15,10882,447,26,229,321,22,69,8,28,11,116,224,172,63,220,47,1,21,102,629,0,0,0,0,0,0,0,0,0,0,0,0,0,0,0,0,0,0,0,0,0,0,0,0,0,0,1,6,0,0,0,0,0,0,0,0,0,0,0,10,0,0,0,0,0,0,0,0,0,0,0,2,0,0,0,0,0,2,0,19,0,0,0,15,0,0,0,0,0,0,0,0,0,0,8,0,0,0,0,0,0,0,0,0,0,0,0,0,1,0,0,0,0,0,0,0,0,0,0,0,0,0,0,0,0,2,0,0,0,0,2,0,0,0,0,0,0,0,0,18,0,0,0,0,1,1,0,0,1,0,0,10,0,14,0,0,0,0,0,0,0,0,0,0,0,0,0,0,0,0,0,0,0,0,0,0,0,0,0,0,0,0,0,0,0,0,0,0,0,0,0,0,0,0,0,0,0,0,2,0,0,0,0,0,0,0,0,0,0,0,0,0,0,0,0,0,0,0,0,0,0,0,0,0,0,0,0,0,0,0,0,0,0,0,0,0,0,0,0,0,0,0,0,0,0,0,0,0,0,0,0,0,0,0,0,0,0,0,0,0,0,0,0,1,0,0,0,0,0,0,0,0,0,1,0,0,0,0,0,1,0,0,0,0,0,0,0,0,0,0,0,0,0,0,0,0,0,0,0,0,0,0,0,0,0,0,0,0,0,0,0,0,0,0,0,0,0,0,0,0,0,1,0,0,0,0,0,0,0,0,0,0,0,0,0,0,0,0,0,0,0,0,0,0,0,0,0,0,0,0,0,0,1,0,0,0,0,0,0,0,0,0,0,0,0,0,0,0,0,0,0,1,0,0,0,0,0,0,0,0,0,0,0,0,0,0,0,0,0,0,0,0,0,0,0,0,0,0,0,0,0,0,0,0,0,0,0,0,5,0,0,0,0,0,0,2,0,0,0,5,0,0
12,2/3/20,0,0,0,0,0,0,0,0,0,0,2,0,2,2,0,4,0,0,0,0,0,0,0,0,0,0,0,0,0,0,0,0,0,0,1,0,0,1,0,0,0,0,0,0,3,0,0,0,0,0,0,0,394,200,328,178,52,704,120,44,68,110,119,550,15,13136,499,33,263,373,30,73,8,30,13,128,252,193,72,240,59,1,24,112,681,0,0,0,0,0,0,0,0,0,0,0,0,0,0,0,0,0,0,0,0,0,0,0,0,0,0,1,6,0,0,0,0,0,0,0,0,0,0,0,12,0,0,0,0,0,0,0,0,0,0,0,3,0,0,0,0,0,2,0,19,0,0,0,15,0,0,0,0,0,0,0,0,0,0,8,0,0,0,0,0,0,0,0,0,0,0,0,0,1,0,0,0,0,0,0,0,0,0,0,0,0,0,0,0,0,2,0,0,0,0,2,0,0,0,0,0,0,0,0,18,0,0,0,0,1,1,0,0,1,0,0,10,0,14,0,0,0,0,0,0,0,0,0,0,0,0,0,0,0,0,0,0,0,0,0,0,0,0,0,0,0,0,0,0,0,0,0,0,0,0,0,0,0,0,0,0,0,0,2,0,0,0,0,0,0,0,0,0,0,0,0,0,0,0,0,0,0,0,0,0,0,0,0,0,0,0,0,0,0,0,0,0,0,0,0,0,0,0,0,0,0,0,0,0,0,0,0,0,0,0,0,0,0,0,0,0,0,0,0,0,0,0,0,1,0,0,0,0,0,0,0,0,0,1,0,0,0,0,0,1,0,0,0,0,0,0,0,0,0,0,0,0,0,0,0,0,0,0,0,0,0,0,0,0,0,0,0,0,0,0,0,0,0,0,0,0,0,0,0,0,0,1,0,0,0,0,0,0,0,0,0,0,0,0,0,0,0,0,0,0,0,0,0,0,0,0,0,2,0,0,0,0,2,0,0,0,0,0,0,0,0,0,0,0,0,0,0,0,0,0,0,1,0,0,0,0,0,0,0,0,0,0,0,0,0,0,0,0,0,0,0,0,0,0,0,0,0,0,0,0,0,0,0,0,0,0,0,0,5,0,0,0,0,0,0,2,0,0,0,7,0,0
13,2/4/20,0,0,0,0,0,0,0,0,0,0,2,0,3,2,0,4,0,0,0,0,0,0,0,0,1,0,0,0,0,0,0,0,0,0,1,0,0,1,0,0,0,0,0,0,3,0,0,0,0,0,0,0,460,205,357,191,53,783,129,56,75,122,151,648,17,16156,562,34,296,456,41,79,10,33,15,140,264,207,77,268,65,1,29,117,767,0,0,0,0,0,0,0,0,0,0,0,0,0,0,0,0,0,0,0,0,0,0,0,0,0,0,1,6,0,0,0,0,0,0,0,0,0,0,0,12,0,0,0,0,0,0,0,0,0,0,0,3,0,0,0,0,0,2,0,21,0,0,0,16,0,0,0,0,0,0,0,0,0,0,10,0,0,0,0,0,0,0,0,0,0,0,0,0,1,0,0,0,0,0,0,0,0,0,0,0,0,0,0,0,0,2,0,0,0,0,2,0,0,0,0,0,0,0,0,24,0,0,0,0,1,1,0,0,1,0,0,11,0,20,0,0,0,0,0,0,0,0,0,0,0,0,0,0,0,0,0,0,0,0,0,0,0,0,0,0,0,0,0,0,0,0,0,0,0,0,0,0,0,0,0,0,0,0,2,0,0,0,0,0,0,0,0,0,0,0,0,0,0,0,0,0,0,0,0,0,0,0,0,0,0,0,0,0,0,0,0,0,0,0,0,0,0,0,0,0,0,0,0,0,0,0,0,0,0,0,0,0,0,0,0,0,0,0,0,0,0,0,0,1,0,0,0,0,0,0,0,0,0,1,0,0,0,0,0,1,0,0,0,0,0,0,0,0,0,0,0,0,0,0,0,0,0,0,0,0,0,0,0,0,0,0,0,0,0,0,0,0,0,0,0,0,0,0,0,0,0,1,0,0,0,0,0,0,0,0,0,0,0,0,0,0,0,0,0,0,0,0,0,0,0,0,0,2,0,0,0,0,2,0,0,0,0,0,0,0,0,0,0,0,0,0,0,0,0,0,0,1,0,0,0,0,0,0,0,0,0,0,0,0,0,0,0,0,0,0,0,0,0,0,0,0,0,0,0,0,0,0,0,0,0,0,0,0,5,0,0,0,0,0,0,2,0,0,0,7,0,0
14,2/5/20,0,0,0,0,0,0,0,0,0,0,2,0,3,2,0,4,0,0,0,0,0,0,0,0,1,0,0,0,0,0,0,0,0,0,1,0,0,2,0,0,0,0,0,0,3,0,0,0,0,0,0,0,507,229,374,194,56,846,137,55,94,129,183,717,21,19032,607,39,318,521,52,85,10,33,14,159,292,228,76,277,67,1,32,123,817,0,0,0,0,0,0,0,0,0,0,0,0,0,0,0,0,0,0,0,0,0,0,0,0,0,0,1,6,0,0,0,0,0,0,0,0,0,0,0,12,0,0,0,0,0,0,0,0,0,0,0,3,0,0,0,0,0,2,0,21,0,0,0,19,0,0,0,0,0,0,0,0,0,0,12,0,0,0,0,0,0,0,0,0,0,0,0,0,1,0,0,0,0,0,0,0,0,0,0,0,0,0,0,0,0,2,0,0,0,0,2,0,0,0,0,0,0,0,0,28,0,0,0,0,1,1,0,0,1,0,0,11,0,20,0,0,0,0,0,0,0,0,0,0,0,0,0,0,0,0,0,0,0,0,0,0,0,0,0,0,0,0,0,0,0,0,0,0,0,0,0,0,0,0,0,0,0,0,2,0,0,0,0,0,0,0,0,0,0,0,0,0,0,0,0,0,0,0,0,0,0,0,0,0,0,0,0,0,0,0,0,0,0,0,0,0,0,0,0,0,0,0,0,0,0,0,0,0,0,0,0,0,0,0,0,0,0,0,0,0,0,0,0,1,0,0,0,0,0,0,0,0,0,1,0,0,0,0,0,1,0,0,0,0,0,0,0,0,0,0,0,0,0,0,0,0,0,0,0,0,0,0,0,0,0,0,0,0,0,0,0,0,0,0,0,0,0,0,0,0,0,1,0,0,0,0,0,0,0,0,0,0,0,0,0,0,0,0,0,0,0,0,0,0,0,0,0,2,0,0,0,0,2,0,0,0,0,0,0,0,0,0,0,0,0,0,0,0,0,0,0,1,0,0,0,0,0,0,0,0,0,0,0,0,0,0,0,0,0,0,0,0,0,0,0,0,0,0,0,0,0,0,0,0,0,0,0,0,5,0,0,0,0,0,0,2,0,0,0,7,0,0
15,2/6/20,0,0,0,0,0,0,0,0,0,0,2,0,4,2,0,4,0,0,0,0,0,0,0,0,1,0,0,0,0,0,0,0,0,0,1,0,0,2,0,0,0,0,0,0,3,0,0,0,0,0,0,0,557,243,387,201,56,901,154,65,98,144,219,795,24,21295,630,42,339,563,55,89,9,39,15,164,320,232,84,290,77,1,36,126,860,0,0,0,0,0,0,0,0,0,0,0,0,0,0,0,0,0,0,0,0,0,0,0,0,0,0,1,6,0,0,0,0,0,0,0,0,0,0,0,12,0,0,0,0,0,0,0,0,0,0,0,3,0,0,0,0,0,2,0,44,0,0,0,23,0,0,0,0,0,0,0,0,0,0,12,0,0,0,0,0,0,0,0,0,0,0,0,0,1,0,0,0,0,0,0,0,0,0,0,0,0,0,0,0,0,2,0,0,0,0,2,0,0,0,0,0,0,0,0,28,0,0,0,0,1,1,0,0,1,0,0,15,0,20,0,0,0,0,0,0,0,0,0,0,0,0,0,0,0,0,0,0,0,0,0,0,0,0,0,0,0,0,0,0,0,0,0,0,0,0,0,0,0,0,0,0,0,0,2,0,0,0,0,0,0,0,0,0,0,0,0,0,0,0,0,0,0,0,0,0,0,0,0,0,0,0,0,0,0,0,0,0,0,0,0,0,0,0,0,0,0,0,0,0,0,0,0,0,0,0,0,0,0,0,0,0,0,0,0,0,0,0,0,1,0,0,0,0,0,0,0,0,0,1,0,0,0,0,0,1,0,0,0,0,0,0,0,0,0,0,0,0,0,0,0,0,0,0,0,0,0,0,0,0,0,0,0,0,0,0,0,0,0,0,0,0,0,0,0,0,0,1,0,0,0,0,0,0,0,0,0,0,0,0,0,0,0,0,0,0,0,0,0,0,0,0,0,2,0,0,0,0,2,0,0,0,0,0,0,0,0,0,0,0,0,0,0,0,0,0,0,1,0,0,0,0,0,0,0,0,0,0,0,0,0,0,0,0,0,0,0,0,0,0,0,0,0,0,0,0,0,0,0,0,0,0,0,0,5,0,0,0,0,0,0,2,0,0,0,9,0,0
16,2/7/20,0,0,0,0,0,0,0,0,0,0,2,0,5,2,0,4,0,0,0,0,0,0,0,0,1,0,0,0,0,0,0,0,0,0,1,0,0,4,0,0,0,0,0,0,3,0,0,0,0,0,0,0,618,264,395,204,58,946,155,75,107,150,265,828,25,23838,660,45,365,616,61,92,9,38,15,167,349,247,89,302,79,1,39,126,883,0,0,0,0,0,0,61,0,0,0,0,0,0,0,0,0,0,0,0,0,0,0,0,0,0,0,1,6,0,0,0,0,0,0,0,0,0,0,0,13,0,0,0,0,0,0,0,0,0,0,0,3,0,0,0,0,0,3,0,24,0,0,0,23,0,0,0,0,0,0,0,0,0,0,11,0,0,0,0,0,0,0,0,0,0,0,0,0,1,0,0,0,0,0,0,0,0,0,0,0,0,0,0,0,0,3,0,0,0,0,2,0,0,0,0,0,0,0,0,30,0,0,0,0,1,1,0,0,1,0,0,15,0,20,0,0,0,0,0,0,0,0,0,0,0,0,0,0,0,0,0,0,0,0,0,0,0,0,0,0,0,0,0,0,0,0,0,0,0,0,0,0,0,0,0,0,0,0,2,0,0,0,0,0,0,0,0,0,0,0,0,0,0,0,0,0,0,0,0,0,0,0,0,0,0,0,0,0,0,0,0,0,0,0,0,0,0,0,0,0,0,0,0,0,0,0,0,0,0,0,0,0,0,0,0,0,0,0,0,0,0,0,0,1,0,0,0,0,0,0,0,0,0,1,0,0,0,0,0,1,0,0,0,0,0,0,0,0,0,0,0,0,0,0,0,0,0,0,0,0,0,0,0,0,0,0,0,0,0,0,0,0,0,0,0,0,0,0,0,0,0,1,0,0,0,0,0,0,0,0,0,0,0,0,0,0,0,0,0,0,0,0,0,0,0,0,0,2,0,0,0,0,2,0,0,0,0,0,0,0,0,0,0,0,0,0,0,0,0,0,0,1,0,0,0,0,0,0,0,0,0,0,0,0,0,0,0,0,0,0,0,0,0,0,0,0,0,0,0,0,0,0,0,0,0,0,0,0,5,0,0,0,0,0,0,3,0,0,0,9,0,0
17,2/8/20,0,0,0,0,0,0,0,0,0,0,2,0,5,2,0,4,0,0,0,0,0,0,0,0,1,0,0,0,0,0,0,0,0,0,1,0,0,4,0,0,0,0,0,0,3,0,0,0,0,0,0,0,674,281,389,215,67,983,166,82,110,165,282,865,26,25661,647,47,388,643,65,97,9,30,15,175,372,245,94,304,84,1,42,121,873,0,0,0,0,0,0,61,0,0,0,0,0,0,0,0,0,0,0,0,0,0,0,0,0,0,0,1,11,0,0,0,0,0,0,0,0,0,0,0,13,0,0,0,0,0,0,0,0,0,0,0,3,0,0,0,0,0,3,0,24,0,0,0,23,0,0,0,0,0,0,0,0,0,0,15,0,0,0,0,0,0,0,0,0,0,0,0,0,1,0,0,0,0,0,0,0,0,0,0,0,0,0,0,0,0,3,0,0,0,0,2,0,0,0,0,0,0,0,0,31,0,0,0,0,1,0,0,0,1,0,0,16,0,22,0,0,0,0,0,0,0,0,0,0,0,0,0,0,0,0,0,0,0,0,0,0,0,0,0,0,0,0,0,0,0,0,0,0,0,0,0,0,0,0,0,0,0,0,2,0,0,0,0,0,0,0,0,0,0,0,0,0,0,0,0,0,0,0,0,0,0,0,0,0,0,0,0,0,0,0,0,0,0,0,0,0,0,0,0,0,0,0,0,0,0,0,0,0,0,0,0,0,0,0,0,0,0,0,0,0,0,0,0,1,0,0,0,0,0,0,0,0,0,1,0,0,0,0,0,1,0,0,0,0,0,0,0,0,0,0,0,0,0,0,0,0,0,0,0,0,0,0,0,0,0,0,0,0,0,0,0,0,0,0,0,0,0,0,0,0,0,1,0,0,0,0,0,0,0,0,0,0,0,0,0,0,0,0,0,0,0,0,0,0,0,0,0,2,0,0,0,0,2,0,0,0,0,0,0,0,0,0,0,0,0,0,0,0,0,0,0,1,0,0,0,0,0,0,0,0,0,0,0,0,0,0,0,0,0,0,0,0,0,0,0,0,0,0,0,0,0,0,0,0,0,0,0,0,7,0,0,0,0,0,0,3,0,0,0,12,0,0
18,2/9/20,0,0,0,0,0,0,0,0,0,0,2,0,5,2,0,4,0,0,0,0,0,0,0,0,1,0,0,0,0,0,0,0,0,0,1,0,0,4,0,0,0,0,0,0,3,0,0,0,0,0,0,0,707,289,417,215,67,990,177,92,112,172,293,880,29,27836,652,49,397,667,66,95,9,32,15,183,381,249,94,315,87,1,45,123,874,0,0,0,0,0,0,64,0,0,0,0,0,0,0,0,0,0,0,0,0,0,0,0,0,0,0,1,11,0,0,0,0,0,0,0,0,0,0,0,14,0,0,0,0,0,0,0,0,0,0,0,3,0,0,0,0,0,3,0,25,0,0,0,22,0,0,0,0,0,0,0,0,0,0,15,0,0,0,0,0,0,0,0,0,0,0,0,0,1,0,0,0,0,0,0,0,0,0,0,0,0,0,0,0,0,3,0,0,0,0,2,0,0,0,0,0,0,0,0,38,0,0,0,0,2,0,0,0,1,0,0,17,0,22,0,0,0,0,0,0,0,0,0,0,0,0,0,0,0,0,0,0,0,0,0,0,0,0,0,0,0,0,0,0,0,0,0,0,0,0,0,0,0,0,0,0,0,0,0,0,0,0,0,0,0,0,0,0,0,0,0,0,0,0,0,0,0,0,0,0,0,0,0,0,0,0,0,0,0,0,0,0,0,0,0,0,0,0,0,0,0,0,0,0,0,0,0,0,0,0,0,0,0,0,0,0,0,0,0,0,0,0,0,0,0,0,0,0,0,0,0,0,0,1,0,0,0,0,0,1,0,0,0,0,0,0,0,0,0,0,0,0,0,0,0,0,0,0,0,0,0,0,0,0,0,0,0,0,0,0,0,0,0,0,0,0,0,0,0,0,0,1,0,0,0,0,0,0,0,0,0,0,0,0,0,0,0,0,0,0,0,0,0,0,0,0,0,2,0,0,0,0,2,0,0,0,0,0,0,0,0,0,0,0,0,0,0,0,0,0,0,1,0,0,0,0,0,0,0,0,0,0,0,0,0,0,0,0,0,0,0,0,0,0,0,0,0,0,0,0,0,0,0,0,0,0,0,0,7,0,0,0,0,0,0,3,0,0,0,12,0,0
19,2/10/20,0,0,0,0,0,0,0,0,0,0,2,0,5,2,0,4,0,0,0,0,0,0,0,0,1,0,0,0,0,0,0,0,0,0,1,0,0,4,0,0,0,0,0,0,3,0,0,0,0,0,0,0,742,293,420,222,66,992,186,99,119,177,301,882,38,29506,671,53,411,666,67,95,9,36,15,183,400,251,94,325,87,1,49,130,850,0,0,0,0,0,0,135,0,0,0,0,0,0,0,0,0,0,0,0,0,0,0,0,0,0,0,1,11,0,0,0,0,0,0,0,0,0,0,0,14,0,0,0,0,0,0,0,0,0,0,0,3,0,0,0,0,0,3,0,22,0,0,0,24,0,0,0,0,0,0,0,0,0,0,17,0,0,0,0,0,0,0,0,0,0,0,0,0,1,0,0,0,0,0,0,0,0,0,0,0,0,0,0,0,0,3,0,0,0,0,2,0,0,0,0,0,0,0,0,43,0,0,0,0,2,0,0,0,1,0,0,17,0,22,0,0,0,0,0,0,0,0,0,0,0,0,0,0,0,0,0,0,0,0,0,0,0,0,0,0,0,0,0,0,0,0,0,0,0,0,0,0,0,0,0,0,0,0,0,0,0,0,0,0,0,0,0,0,0,0,0,0,0,0,0,0,0,0,0,0,0,0,0,0,0,0,0,0,0,0,0,0,0,0,0,0,0,0,0,0,0,0,0,0,0,0,0,0,0,0,0,0,0,0,0,0,0,0,0,0,0,0,0,0,0,0,0,0,0,0,0,0,0,1,0,0,0,0,0,1,0,0,0,0,0,0,0,0,0,0,0,0,0,0,0,0,0,0,0,0,0,0,0,0,0,0,0,0,0,0,0,0,0,0,0,0,0,0,0,0,0,1,0,0,0,0,0,0,0,0,0,0,0,0,0,0,0,0,0,0,0,0,0,0,0,0,0,2,0,0,0,0,2,0,0,0,0,0,0,0,0,0,0,0,0,0,0,0,0,0,0,1,0,0,0,0,0,0,0,0,0,0,0,0,0,0,0,0,0,0,0,0,0,0,0,0,0,0,0,0,0,0,0,0,0,0,0,0,8,0,0,0,0,0,0,8,0,0,0,13,0,0
20,2/11/20,0,0,0,0,0,0,0,0,0,0,2,0,5,2,0,4,0,0,0,0,0,0,0,0,1,0,0,0,0,0,0,0,0,0,1,0,0,4,0,0,0,0,0,0,3,0,0,0,0,0,0,0,755,294,426,222,62,965,182,110,124,191,332,887,49,30727,665,53,422,676,63,92,9,31,13,187,407,251,94,332,96,1,52,133,847,0,0,0,0,0,0,135,0,0,0,0,0,0,0,0,0,0,0,0,0,0,0,0,0,0,0,1,11,0,0,0,0,0,0,0,0,0,0,0,16,0,0,0,0,0,0,0,0,0,0,0,3,0,0,0,0,0,3,0,17,0,0,0,25,0,0,0,0,0,0,0,0,0,0,15,0,0,0,0,0,0,0,0,0,0,0,0,0,1,0,0,0,0,0,0,0,0,0,0,0,0,0,0,0,0,3,0,0,0,0,2,0,0,0,0,0,0,0,0,38,0,0,0,0,2,0,0,0,1,0,0,17,0,23,0,0,0,0,0,0,0,0,0,0,0,0,0,0,0,0,0,0,0,0,0,0,0,0,0,0,0,0,0,0,0,0,0,0,0,0,0,0,0,0,0,0,0,0,0,0,0,0,0,0,0,0,0,0,0,0,0,0,0,0,0,0,0,0,0,0,0,0,0,0,0,0,0,0,0,0,0,0,0,0,0,0,0,0,0,0,0,0,0,0,0,0,0,0,0,0,0,0,0,0,0,0,0,0,0,0,0,0,0,0,0,0,0,0,0,0,0,0,0,1,0,0,0,0,0,1,0,0,0,0,0,0,0,0,0,0,0,0,0,0,0,0,0,0,0,0,0,0,0,0,0,0,0,0,0,0,0,0,0,0,0,0,0,0,0,0,0,1,0,0,0,0,0,0,0,0,0,0,0,0,0,0,0,0,0,0,0,0,0,0,0,0,0,2,1,0,0,0,2,0,0,0,0,0,0,0,0,0,0,0,0,0,0,0,0,0,0,1,0,0,0,0,0,0,0,0,0,0,0,0,0,0,0,0,0,0,0,0,0,0,0,0,0,0,0,0,0,0,0,0,0,0,0,0,8,0,0,0,0,0,0,8,0,0,0,9,0,0
21,2/12/20,0,0,0,0,0,0,0,0,0,0,2,0,5,2,0,4,0,0,0,0,0,0,0,0,1,0,0,0,0,0,0,0,0,0,0,0,0,4,0,0,0,0,0,0,2,0,0,0,0,0,0,0,762,296,416,219,56,944,190,115,130,197,347,889,49,30680,642,54,418,692,61,96,8,34,9,182,405,254,93,344,101,0,56,128,810,0,0,0,0,0,0,175,0,0,0,0,0,0,0,0,0,0,0,0,0,0,0,0,0,0,0,0,9,0,0,0,0,0,0,0,0,0,0,0,16,0,0,0,0,0,0,0,0,0,0,0,3,0,0,0,0,0,3,0,19,0,0,0,21,0,0,0,0,0,0,0,0,0,0,15,0,0,0,0,0,0,0,0,0,0,0,0,0,0,0,0,0,0,0,0,0,0,0,0,0,0,0,0,0,0,2,0,0,0,0,0,0,0,0,0,0,0,0,0,35,0,0,0,0,2,0,0,0,1,0,0,17,0,23,0,0,0,0,0,0,0,0,0,0,0,0,0,0,0,0,0,0,0,0,0,0,0,0,0,0,0,0,0,0,0,0,0,0,0,0,0,0,0,0,0,0,0,0,0,0,0,0,0,0,0,0,0,0,0,0,0,0,0,0,0,0,0,0,0,0,0,0,0,0,0,0,0,0,0,0,0,0,0,0,0,0,0,0,0,0,0,0,0,0,0,0,0,0,0,0,0,0,0,0,0,0,0,0,0,0,0,0,0,0,0,0,0,0,0,0,0,0,0,1,0,0,0,0,0,1,0,0,0,0,0,0,0,0,0,0,0,0,0,0,0,0,0,0,0,0,0,0,0,0,0,0,0,0,0,0,0,0,0,0,0,0,0,0,0,0,0,1,0,0,0,0,0,0,0,0,0,0,0,0,0,0,0,0,0,0,0,0,0,0,0,0,0,2,1,0,0,0,2,0,0,0,0,0,0,0,0,0,0,0,0,0,0,0,0,0,0,1,0,0,0,0,0,0,0,0,0,0,0,0,0,0,0,0,0,0,0,0,0,0,0,0,0,0,0,0,0,0,0,0,0,0,0,0,7,0,0,0,0,0,0,8,0,0,0,9,0,0
22,2/13/20,0,0,0,0,0,0,0,0,0,0,0,0,5,2,0,0,0,0,0,0,0,0,0,0,1,0,0,0,0,0,0,0,0,0,0,0,0,4,0,0,0,0,0,0,2,0,0,0,0,0,0,0,753,297,401,222,51,927,189,108,127,197,362,873,52,44747,629,55,431,702,60,95,7,40,7,183,404,253,90,347,98,0,57,129,785,0,0,0,0,0,0,175,0,0,0,0,0,0,0,0,0,0,0,0,0,0,0,0,0,0,0,0,9,0,0,0,0,0,0,0,0,0,0,0,15,0,0,0,0,0,0,0,0,0,0,0,3,0,0,0,0,0,3,0,19,0,0,0,21,0,0,0,0,0,0,0,0,0,0,16,0,0,0,0,0,0,0,0,0,0,0,0,0,0,0,0,0,0,0,0,0,0,0,0,0,0,0,0,0,0,2,0,0,0,0,0,0,0,0,0,0,0,0,0,43,0,0,0,0,2,0,0,0,1,0,0,17,0,21,0,0,0,0,0,0,0,0,0,0,0,0,0,0,0,0,0,0,0,0,0,0,0,0,0,0,0,0,0,0,0,0,0,0,0,0,0,0,0,0,0,0,0,0,0,0,0,0,0,0,0,0,0,0,0,0,0,0,0,0,0,0,0,0,0,0,0,0,0,0,0,0,0,0,0,0,0,0,0,0,0,0,0,0,0,0,0,0,0,0,0,0,0,0,0,0,0,0,0,0,0,0,0,0,0,0,0,0,0,0,0,0,0,0,0,0,0,0,0,1,0,0,0,0,0,1,0,0,0,0,0,0,0,0,0,0,0,0,0,0,0,0,0,0,0,0,0,0,0,0,0,0,0,0,0,0,0,0,0,0,0,0,0,0,0,0,0,1,0,0,0,0,0,0,0,0,0,0,0,0,0,0,0,0,0,0,0,0,0,0,0,0,0,2,2,0,0,0,2,0,0,0,0,0,0,0,0,0,0,0,0,0,0,0,0,0,0,1,0,0,0,0,0,0,0,0,0,0,0,0,0,0,0,0,0,0,0,0,0,0,0,0,0,0,0,0,0,0,0,0,0,0,0,0,7,0,0,0,0,0,0,8,0,0,0,9,0,0
23,2/14/20,0,0,0,0,0,0,0,0,0,0,0,0,5,2,0,0,0,0,0,0,0,0,0,0,1,0,0,0,0,0,0,0,0,0,0,0,0,4,0,0,0,0,0,0,2,0,0,0,0,0,0,0,741,292,385,218,51,899,190,112,116,196,372,827,55,49632,624,59,436,713,61,90,7,43,7,176,387,228,89,349,89,0,59,126,752,0,0,0,0,0,0,218,0,0,0,0,0,0,0,0,0,0,0,1,0,0,0,0,0,0,0,0,9,0,0,0,0,0,0,0,0,0,0,0,15,0,0,0,0,0,0,0,0,0,0,0,3,0,0,0,0,0,3,0,20,0,0,0,21,0,0,0,0,0,0,0,0,0,0,16,0,0,0,0,0,0,0,0,0,0,0,0,0,0,0,0,0,0,0,0,0,0,0,0,0,0,0,0,0,0,2,0,0,0,0,0,0,0,0,0,0,0,0,0,50,0,0,0,0,2,0,0,0,1,0,0,16,0,21,0,0,0,0,0,0,0,0,0,0,0,0,0,0,0,0,0,0,0,0,0,0,0,0,0,0,0,0,0,0,0,0,0,0,0,0,0,0,0,0,0,0,0,0,0,0,0,0,0,0,0,0,0,0,0,0,0,0,0,0,0,0,0,0,0,0,0,0,0,0,0,0,0,0,0,0,0,0,0,0,0,0,0,0,0,0,0,0,0,0,0,0,0,0,0,0,0,0,0,0,0,0,0,0,0,0,0,0,0,0,0,0,0,0,0,0,0,0,0,1,0,0,0,0,0,1,0,0,0,0,0,0,0,0,0,0,0,0,0,0,0,0,0,0,0,0,0,0,0,0,0,0,0,0,0,0,0,0,0,0,0,0,0,0,0,0,0,1,0,0,0,0,0,0,0,0,0,0,0,0,0,0,0,0,0,0,0,0,0,0,0,0,0,2,2,0,0,0,2,0,0,0,0,0,0,0,0,0,0,0,0,0,0,0,0,0,0,1,0,0,0,0,0,0,0,0,0,0,0,0,0,0,0,0,0,0,0,0,0,0,0,0,0,0,0,0,0,0,0,0,0,0,0,0,7,0,0,0,0,0,0,8,0,0,0,9,0,0
24,2/15/20,0,0,0,0,0,0,0,0,0,0,0,0,5,2,0,0,0,0,0,0,0,0,0,0,1,0,0,0,0,0,0,0,0,0,0,0,0,4,0,0,0,0,0,0,2,0,0,0,0,0,0,0,729,277,360,214,41,884,191,102,123,190,357,821,55,50626,576,61,418,703,62,88,7,37,5,172,376,202,82,351,85,0,60,126,734,0,0,0,0,0,0,285,0,0,0,0,0,0,0,0,0,0,0,1,0,0,0,0,0,0,0,0,8,0,0,0,0,0,0,0,0,0,0,0,15,0,0,0,0,0,0,0,0,0,0,0,3,0,0,0,0,0,3,0,31,0,0,0,19,0,0,0,0,0,0,0,0,0,0,15,0,0,0,0,0,0,0,0,0,0,0,0,0,0,0,0,0,0,0,0,0,0,0,0,0,0,0,0,0,0,2,0,0,0,0,0,0,0,0,0,0,0,0,0,54,0,0,0,0,0,0,0,0,1,0,0,16,0,21,0,0,0,0,0,0,0,0,0,0,0,0,0,0,0,0,0,0,0,0,0,0,0,0,0,0,0,0,0,0,0,0,0,0,0,0,0,0,0,0,0,0,0,0,0,0,0,0,0,0,0,0,0,0,0,0,0,0,0,0,0,0,0,0,0,0,0,0,0,0,0,0,0,0,0,0,0,0,0,0,0,0,0,0,0,0,0,0,0,0,0,0,0,0,0,0,0,0,0,0,0,0,0,0,0,0,0,0,0,0,0,0,0,0,0,0,0,0,0,1,0,0,0,0,0,1,0,0,0,0,0,0,0,0,0,0,0,0,0,0,0,0,0,0,0,0,0,0,0,0,0,0,0,0,0,0,0,0,0,0,0,0,0,0,0,0,0,1,0,0,0,0,0,0,0,0,0,0,0,0,0,0,0,0,0,0,0,0,0,0,0,0,0,2,2,0,0,0,2,0,0,0,0,0,0,0,0,0,0,0,0,0,0,0,0,0,0,1,0,0,0,0,0,0,0,0,0,0,0,0,0,0,0,0,0,0,0,0,0,0,0,0,0,0,0,0,0,0,0,0,0,0,0,0,5,0,0,0,0,0,0,8,0,0,0,9,0,0
25,2/16/20,0,0,0,0,0,0,0,0,0,0,0,0,5,2,0,0,0,0,0,0,0,0,0,0,1,0,0,0,0,0,0,0,0,0,0,0,0,4,0,0,0,0,0,0,2,0,0,0,0,0,0,0,707,272,344,205,36,851,188,98,110,195,366,791,55,51543,540,62,399,685,59,81,5,37,5,165,364,188,79,350,79,0,59,129,711,0,0,0,0,0,0,355,0,0,0,0,0,0,0,0,0,0,0,1,0,0,0,0,0,0,0,0,8,0,0,0,0,0,0,0,0,0,0,0,15,0,0,0,0,0,0,0,0,0,0,0,0,0,0,0,0,0,3,0,47,0,0,0,20,0,0,0,0,0,0,0,0,0,0,15,0,0,0,0,0,0,0,0,0,0,0,0,0,0,0,0,0,0,0,0,0,0,0,0,0,0,0,0,0,0,2,0,0,0,0,0,0,0,0,0,0,0,0,0,57,0,0,0,0,0,0,0,0,1,0,0,18,0,20,0,0,0,0,0,0,0,0,0,0,0,0,0,0,0,0,0,0,0,0,0,0,0,0,0,0,0,0,0,0,0,0,0,0,0,0,0,0,0,0,0,0,0,0,0,0,0,0,0,0,0,0,0,0,0,0,0,0,0,0,0,0,0,0,0,0,0,0,0,0,0,0,0,0,0,0,0,0,0,0,0,0,0,0,0,0,0,0,0,0,0,0,0,0,0,0,0,0,0,0,0,0,0,0,0,0,0,0,0,0,0,0,0,0,0,0,0,0,0,1,0,0,0,0,0,1,0,0,0,0,0,0,0,0,0,0,0,0,0,0,0,0,0,0,0,0,0,0,0,0,0,0,0,0,0,0,0,0,0,0,0,0,0,0,0,0,0,1,0,0,0,0,0,0,0,0,0,0,0,0,0,0,0,0,0,0,0,0,0,0,0,0,0,2,2,0,0,0,2,0,0,0,0,0,0,0,0,0,0,0,0,0,0,0,0,0,0,1,0,0,0,0,0,0,0,0,0,0,0,0,0,0,0,0,0,0,0,0,0,0,0,0,0,0,0,0,0,0,0,0,0,0,0,0,5,0,0,0,0,0,0,1,0,0,0,9,0,0
26,2/17/20,0,0,0,0,0,0,0,0,0,0,0,0,5,0,0,0,0,0,0,0,0,0,0,0,0,0,0,0,0,0,0,0,0,0,0,0,0,5,0,0,0,0,0,0,2,0,0,0,0,0,0,0,693,267,328,200,33,798,185,89,104,179,372,737,58,52127,508,64,368,655,55,78,5,35,5,161,350,172,77,339,79,0,63,124,664,0,0,0,0,0,0,454,0,0,0,0,0,0,0,0,0,0,0,1,0,0,0,0,0,0,0,0,8,0,0,0,0,0,0,0,0,0,0,0,15,0,0,0,0,0,0,0,0,0,0,0,0,0,0,0,0,0,3,0,54,0,0,0,20,0,0,0,0,0,0,0,0,0,0,15,0,0,0,0,0,0,0,0,0,0,0,0,0,0,0,0,0,0,0,0,0,0,0,0,0,0,0,0,0,0,2,0,0,0,0,0,0,0,0,0,0,0,0,0,53,0,0,0,0,0,0,0,0,1,0,0,20,0,20,0,0,0,0,0,0,0,0,0,0,0,0,0,0,0,0,0,0,0,0,0,0,0,0,0,0,0,0,0,0,0,0,0,0,0,0,0,0,0,0,0,0,0,0,0,0,0,0,0,0,0,0,0,0,0,0,0,0,0,0,0,0,0,0,0,0,0,0,0,0,0,0,0,0,0,0,0,0,0,0,0,0,0,0,0,0,0,0,0,0,0,0,0,0,0,0,0,0,0,0,0,0,0,0,0,0,0,0,0,0,0,0,0,0,0,0,0,0,0,1,0,0,0,0,0,1,0,0,0,0,0,0,0,0,0,0,0,0,0,0,0,0,0,0,0,0,0,0,0,0,0,0,0,0,0,0,0,0,0,0,0,0,0,0,0,0,0,1,0,0,0,0,0,0,0,0,0,0,0,0,0,0,0,0,0,0,0,0,0,0,0,0,0,2,2,0,0,0,2,0,0,0,0,0,0,0,0,0,0,0,0,0,0,0,0,0,0,1,0,0,0,0,0,0,0,0,0,0,0,0,0,0,0,0,0,0,0,0,0,0,0,0,0,0,0,0,0,0,0,0,0,0,0,0,5,0,0,0,0,0,0,1,0,0,0,9,0,0
27,2/18/20,0,0,0,0,0,0,0,0,0,0,0,0,5,0,0,0,0,0,0,0,0,0,0,0,0,0,0,0,0,0,0,0,0,0,0,0,0,5,0,0,0,0,0,0,2,0,0,0,0,0,0,0,621,265,301,199,29,763,173,80,84,170,353,735,60,52554,480,65,349,623,53,68,5,28,3,151,332,156,70,339,80,0,64,115,637,0,0,0,0,0,0,542,0,0,0,0,0,0,0,0,0,0,0,1,0,0,0,0,0,0,0,0,8,0,0,0,0,0,0,0,0,0,0,0,4,0,0,0,0,0,0,0,0,0,0,0,0,0,0,0,0,0,3,0,61,0,0,0,19,0,0,0,0,0,0,0,0,0,0,9,0,0,0,0,0,0,0,0,0,0,0,0,0,0,0,0,0,0,0,0,0,0,0,0,0,0,0,0,0,0,2,0,0,0,0,0,0,0,0,0,0,0,0,0,52,0,0,0,0,0,0,0,0,1,0,0,20,0,20,0,0,0,0,0,0,0,0,0,0,0,0,0,0,0,0,0,0,0,0,0,0,0,0,0,0,0,0,0,0,0,0,0,0,0,0,0,0,0,0,0,0,0,0,0,0,0,0,0,0,0,0,0,0,0,0,0,0,0,0,0,0,0,0,0,0,0,0,0,0,0,0,0,0,0,0,0,0,0,0,0,0,0,0,0,0,0,0,0,0,0,0,0,0,0,0,0,0,0,0,0,0,0,0,0,0,0,0,0,0,0,0,0,0,0,0,0,0,0,1,0,0,0,0,0,1,0,0,0,0,0,0,0,0,0,0,0,0,0,0,0,0,0,0,0,0,0,0,0,0,0,0,0,0,0,0,0,0,0,0,0,0,0,0,0,0,0,1,0,0,0,0,0,0,0,0,0,0,0,0,0,0,0,0,0,0,0,0,0,0,0,0,0,2,2,0,0,0,2,0,0,0,0,0,0,0,0,0,0,0,0,0,0,0,0,0,0,1,0,0,0,0,0,0,0,0,0,0,0,0,0,0,0,0,0,0,0,0,0,0,0,0,0,0,0,0,0,0,0,0,0,0,0,0,5,0,0,0,0,0,0,1,0,0,0,9,0,0
28,2/19/20,0,0,0,0,0,0,0,0,0,0,0,0,5,0,0,0,0,0,0,0,0,0,0,0,0,0,0,0,0,0,0,0,0,0,0,0,0,5,0,0,0,0,0,0,2,0,0,0,0,0,0,0,573,248,286,181,26,725,158,76,84,154,350,689,58,51694,447,65,313,572,53,66,5,29,2,140,313,147,63,326,76,0,56,112,570,0,0,0,0,0,0,620,0,0,0,0,0,0,0,0,0,0,0,1,0,0,0,0,0,0,0,0,8,0,0,0,0,0,0,0,0,0,0,0,4,0,0,0,0,0,0,0,0,0,0,0,0,0,2,0,0,0,3,0,66,0,0,0,19,0,0,0,0,0,0,0,0,0,0,7,0,0,0,0,0,0,0,0,0,0,0,0,0,0,0,0,0,0,0,0,0,0,0,0,0,0,0,0,0,0,2,0,0,0,0,0,0,0,0,0,0,0,0,0,50,0,0,0,0,0,0,0,0,1,0,0,21,0,20,0,0,0,0,0,0,0,0,0,0,0,0,0,0,0,0,0,0,0,0,0,0,0,0,0,0,0,0,0,0,0,0,0,0,0,0,0,0,0,0,0,0,0,0,0,0,0,0,0,0,0,0,0,0,0,0,0,0,0,0,0,0,0,0,0,0,0,0,0,0,0,0,0,0,0,0,0,0,0,0,0,0,0,0,0,0,0,0,0,0,0,0,0,0,0,0,0,0,0,0,0,0,0,0,0,0,0,0,0,0,0,0,0,0,0,0,0,0,0,1,0,0,0,0,0,1,0,0,0,0,0,0,0,0,0,0,0,0,0,0,0,0,0,0,0,0,0,0,0,0,0,0,0,0,0,0,0,0,0,0,0,0,0,0,0,0,0,1,0,0,0,0,0,0,0,0,0,0,0,0,0,0,0,0,0,0,0,0,0,0,0,0,0,2,2,0,0,0,2,0,0,0,0,0,0,0,0,0,0,0,0,0,0,0,0,0,0,1,0,0,0,0,0,0,0,0,0,0,0,0,0,0,0,0,0,0,0,0,0,0,0,0,0,0,0,0,0,0,0,0,0,0,0,0,5,0,0,0,0,0,0,1,0,0,0,9,0,0
29,2/20/20,0,0,0,0,0,0,0,0,0,0,0,0,5,0,0,0,0,0,0,0,0,0,0,0,0,0,0,0,0,0,0,0,0,0,0,0,0,5,0,0,0,0,0,0,2,0,0,0,0,0,0,0,513,242,268,167,20,690,155,74,82,138,340,628,62,50654,376,59,275,501,48,62,4,27,2,127,292,135,56,303,72,0,54,95,542,0,0,0,0,0,0,633,0,0,0,0,0,0,0,0,0,0,0,1,0,0,0,0,0,0,0,0,8,0,0,0,0,0,0,0,0,0,0,0,4,0,0,0,0,0,0,0,0,0,0,0,0,0,5,0,0,0,3,0,76,0,0,0,88,0,0,0,0,0,0,0,0,0,0,7,0,0,0,0,0,0,0,0,0,0,0,0,0,0,0,0,0,0,0,0,0,0,0,0,0,0,0,0,0,0,2,0,0,0,0,0,0,0,0,0,0,0,0,0,50,0,0,0,0,0,0,0,0,1,0,0,22,0,20,0,0,0,0,0,0,0,0,0,0,0,0,0,0,0,0,0,0,0,0,0,0,0,0,0,0,0,0,0,0,0,0,0,0,0,0,0,0,0,0,0,0,0,0,0,0,0,0,0,0,0,0,0,0,0,0,0,0,0,0,0,0,0,0,0,0,0,0,0,0,0,0,0,0,0,0,0,0,0,0,0,0,0,0,0,0,0,0,0,0,0,0,0,0,0,0,0,0,0,0,0,0,0,0,0,0,0,0,0,0,0,0,0,0,0,0,0,0,0,1,0,0,0,0,0,1,0,0,0,0,0,0,0,0,0,0,0,0,0,0,0,0,0,0,0,0,0,0,0,0,0,0,0,0,0,0,0,0,0,0,0,0,0,0,0,0,0,1,0,0,0,0,0,0,0,0,0,0,0,0,0,0,0,0,0,0,0,0,0,0,0,0,0,2,2,0,0,0,2,0,0,0,0,0,0,0,0,0,0,0,0,0,0,0,0,0,0,1,0,0,0,0,0,0,0,0,0,0,0,0,0,0,0,0,0,0,0,0,0,0,0,0,0,0,0,0,0,0,0,0,0,0,0,0,5,0,0,0,0,0,0,1,0,0,0,9,0,0
30,2/21/20,0,0,0,0,0,0,0,0,0,4,0,0,4,0,0,0,0,0,0,0,0,0,0,0,0,0,0,0,0,0,0,0,0,0,0,0,0,6,0,0,0,0,0,0,0,0,0,0,0,0,0,0,449,227,256,144,15,643,149,69,73,124,304,531,63,50781,350,58,258,445,46,60,4,23,0,111,468,123,54,294,70,0,52,78,524,0,0,0,0,0,0,633,0,0,0,0,0,0,0,0,0,0,0,1,0,0,0,0,0,0,0,0,8,0,0,0,0,0,0,0,0,0,0,0,2,0,0,0,0,0,0,0,0,0,0,0,0,0,18,0,0,1,20,0,83,0,0,0,188,0,0,0,0,1,0,0,0,0,0,7,0,0,0,0,0,0,0,0,0,0,0,0,0,0,0,0,0,0,0,0,0,0,0,0,0,0,0,0,0,0,2,0,0,0,0,0,0,0,0,0,0,0,0,0,48,0,0,0,0,0,0,0,0,1,0,0,24,0,18,0,0,0,0,0,0,0,0,0,0,0,0,0,0,0,0,0,0,0,0,0,0,0,0,0,0,0,0,0,0,0,0,0,0,0,0,0,0,0,0,0,0,0,0,0,0,0,0,0,0,0,0,0,0,0,0,0,0,0,0,0,0,0,0,0,0,0,0,0,0,0,0,0,0,0,0,0,0,0,0,0,0,0,0,0,0,0,0,0,0,0,1,0,0,0,0,0,0,0,0,0,0,0,0,0,0,0,0,0,0,0,0,0,0,0,0,0,0,0,1,0,0,0,0,0,1,0,0,0,0,0,0,0,0,0,0,0,0,0,0,0,0,0,0,0,0,0,0,0,0,0,0,0,0,0,0,0,0,0,0,0,0,0,0,0,0,0,1,0,0,0,0,0,0,0,0,0,0,0,0,0,0,0,0,0,0,0,0,0,0,0,0,1,2,1,0,0,0,1,0,0,0,0,0,0,0,0,0,0,0,0,0,0,0,0,0,0,1,0,0,0,0,0,0,0,0,0,0,0,0,0,0,0,0,0,0,0,0,0,0,0,0,0,0,0,0,0,0,0,0,0,0,0,0,5,0,0,0,0,0,0,1,0,0,0,2,0,0
31,2/22/20,0,0,0,0,0,0,0,0,0,7,0,0,4,0,0,0,0,0,0,0,0,0,0,0,0,0,0,0,0,0,0,0,0,0,0,0,0,6,0,0,0,0,0,0,0,0,0,0,0,0,0,0,392,221,245,131,15,611,145,56,64,106,275,440,63,48785,321,49,230,379,39,55,4,23,0,96,448,108,51,276,70,0,51,67,486,0,0,0,0,0,0,633,0,0,0,0,0,0,0,0,0,0,0,1,0,0,0,0,0,0,0,0,8,0,0,0,0,0,0,0,0,0,0,0,2,0,0,0,0,0,0,0,0,0,0,0,0,0,28,0,0,1,61,0,100,0,0,0,417,0,0,0,0,1,0,0,0,0,0,7,0,0,0,0,0,0,0,0,0,0,0,0,0,0,0,0,0,0,0,0,0,0,0,0,0,0,0,0,0,0,2,0,0,0,0,0,0,0,0,0,0,0,0,0,48,0,0,0,0,0,0,0,0,1,0,0,24,0,18,0,0,0,0,0,0,0,0,0,0,0,0,0,0,0,0,0,0,0,0,0,0,0,0,0,0,0,0,0,0,0,0,0,0,0,0,0,0,0,0,0,0,0,0,0,0,0,0,0,0,0,0,0,0,0,0,0,0,0,0,0,0,0,0,0,0,0,0,0,0,0,0,0,0,0,0,0,0,0,0,0,0,0,0,0,0,0,0,0,0,0,1,0,0,0,0,0,0,0,0,0,0,0,0,0,0,0,0,0,0,0,0,0,0,0,0,0,0,0,1,0,0,0,0,0,1,0,0,0,0,0,0,0,0,0,0,0,0,0,0,0,0,0,0,0,0,0,0,0,0,0,0,0,0,0,0,0,0,0,0,0,0,0,0,0,0,0,1,0,0,0,0,0,0,0,0,0,0,0,0,0,0,0,0,0,0,0,0,0,0,0,0,1,2,1,0,0,0,1,0,0,0,0,0,0,0,0,0,0,0,0,0,0,0,0,0,0,1,0,0,0,0,0,0,0,0,0,0,0,0,0,0,0,0,0,0,0,0,0,0,0,0,0,0,0,0,0,0,0,0,0,0,0,0,9,0,0,0,0,0,0,1,0,0,0,2,0,0
32,2/23/20,0,0,0,0,0,0,0,0,0,7,0,0,4,0,0,0,0,0,0,0,0,0,0,0,0,0,0,0,0,0,0,0,0,0,0,0,0,6,0,0,0,0,0,0,0,0,0,0,0,0,0,0,352,210,240,123,13,587,143,44,62,92,258,403,63,48741,302,48,213,321,37,48,4,15,0,82,433,86,44,265,54,0,48,59,445,0,0,0,0,0,0,691,0,0,0,0,0,0,0,0,0,0,0,1,0,0,0,0,0,0,0,0,8,0,0,0,0,0,0,0,0,0,0,0,2,0,0,0,0,0,0,0,0,0,0,0,0,0,43,0,0,1,153,0,125,0,0,0,584,0,0,0,0,1,0,0,0,0,0,7,0,0,0,0,0,0,0,0,0,0,0,0,0,0,0,0,0,0,0,0,0,0,0,0,0,0,0,0,0,0,2,0,0,0,0,0,0,0,0,0,0,0,0,0,38,0,0,0,0,0,0,0,0,1,0,0,26,0,14,0,0,0,0,0,0,0,0,0,0,0,0,0,0,0,0,0,0,0,0,0,0,0,0,0,0,0,0,0,0,0,0,0,0,0,0,0,0,0,0,0,0,0,0,0,0,0,0,0,0,0,0,0,0,0,0,0,0,0,0,0,0,0,0,0,0,0,0,0,0,0,0,0,0,0,0,0,0,0,0,0,0,0,0,0,0,0,0,0,0,0,1,0,0,0,0,0,0,0,0,0,0,0,0,0,0,0,0,0,0,0,0,0,0,0,0,0,0,0,1,0,0,0,0,0,1,0,0,0,0,0,0,0,0,0,0,0,0,0,0,0,0,0,0,0,0,0,0,0,0,0,0,0,0,0,0,0,0,0,0,0,0,0,0,0,0,0,1,0,0,0,0,0,0,0,0,0,0,0,0,0,0,0,0,0,0,0,0,0,0,0,0,1,2,1,0,0,0,1,0,0,0,0,0,0,0,0,0,0,0,0,0,0,0,0,0,0,1,0,0,0,0,0,0,0,0,0,0,0,0,0,0,0,0,0,0,0,0,0,0,0,0,0,0,0,0,0,0,0,0,0,0,0,0,9,0,0,0,0,0,0,1,0,0,0,2,0,0
33,2/24/20,1,0,0,0,0,0,0,0,0,7,0,0,4,0,0,0,0,0,0,0,1,0,0,0,0,0,0,0,0,0,0,0,0,0,0,0,0,6,0,0,0,0,0,0,1,0,0,0,0,0,0,0,326,201,227,110,11,559,139,44,52,77,253,328,60,47539,285,41,179,289,33,41,4,13,0,72,412,74,39,251,48,0,46,50,423,0,0,0,0,0,0,691,0,0,0,0,0,0,0,0,0,0,0,1,0,0,0,0,0,0,0,0,8,0,0,0,0,0,0,0,0,0,0,0,2,0,0,0,0,0,0,0,0,0,0,0,0,0,61,1,0,1,228,0,137,0,0,0,815,0,1,0,0,1,0,0,0,0,0,4,0,0,0,0,0,0,0,0,0,0,0,0,0,0,0,0,0,0,0,0,0,0,0,0,2,0,0,0,0,0,2,0,0,0,0,0,0,0,0,0,0,0,0,0,38,0,0,0,0,0,0,0,0,1,0,0,25,0,14,0,0,0,0,0,0,0,0,0,0,0,0,0,0,0,0,0,0,0,0,0,0,0,0,0,0,0,0,0,0,0,0,0,0,0,0,0,0,0,0,0,0,0,0,0,0,0,0,0,0,0,0,0,0,0,0,36,0,0,0,0,0,0,0,0,0,0,0,0,0,0,0,0,0,0,0,0,0,0,0,0,0,0,0,0,0,0,0,0,0,0,1,0,0,0,0,0,0,0,0,0,0,0,0,0,0,0,0,0,0,0,0,0,0,0,0,0,0,0,1,0,0,0,0,0,1,0,0,0,0,0,0,0,0,0,0,0,0,0,0,0,0,0,0,0,0,0,0,0,0,0,0,0,0,0,0,0,0,0,0,0,0,0,0,0,0,0,1,0,0,0,0,0,0,0,0,0,0,0,0,0,0,0,0,0,0,0,0,0,0,0,0,1,2,1,0,0,0,1,0,0,0,0,0,0,0,0,0,0,0,0,0,0,0,0,0,0,1,0,0,0,0,0,0,0,0,0,0,0,0,0,0,0,0,0,0,0,0,0,0,0,0,0,0,0,0,0,0,0,0,0,0,0,0,9,0,0,0,0,0,0,5,0,0,0,2,0,0
34,2/25/20,1,0,1,0,0,0,0,0,0,7,0,0,4,0,0,0,0,2,0,0,23,0,0,0,0,0,0,0,0,0,0,0,0,0,0,0,0,7,0,0,0,0,0,0,1,0,0,0,0,0,0,0,277,185,204,95,11,525,118,42,44,63,237,269,65,45815,248,40,173,251,30,38,3,10,0,59,401,68,35,240,44,0,46,45,397,0,0,0,0,0,1,691,0,0,0,0,0,0,0,0,0,0,0,1,0,0,0,0,0,0,0,0,3,0,0,0,0,0,0,0,0,0,0,0,3,0,0,0,0,0,0,0,0,0,0,0,0,0,95,1,0,1,321,0,148,0,0,0,955,0,11,0,0,1,0,0,0,0,0,4,0,0,0,0,0,0,0,0,0,0,0,0,0,0,0,0,0,0,0,0,0,0,0,0,2,0,0,0,0,0,2,0,0,0,0,0,0,0,0,0,0,0,0,0,38,0,0,0,0,4,0,0,0,1,1,0,26,0,15,0,0,0,0,0,0,0,0,0,0,0,0,0,0,0,0,0,0,0,0,0,0,0,0,0,0,0,0,0,0,0,0,0,0,0,0,0,0,0,0,0,0,0,0,0,0,0,0,0,0,0,0,0,0,0,0,36,0,0,0,0,0,0,0,0,0,0,0,0,0,0,0,0,0,0,0,0,0,0,0,0,0,0,0,0,0,0,0,0,0,0,1,0,0,0,0,0,0,0,0,0,0,0,0,0,0,0,0,0,0,0,0,0,0,0,0,0,0,0,1,0,0,0,0,0,0,0,0,0,0,0,0,0,0,0,0,0,0,0,0,0,0,0,0,0,0,0,0,0,0,0,0,0,0,0,0,0,0,0,0,0,0,0,0,0,0,0,1,0,0,0,0,0,0,0,0,0,0,0,0,0,0,0,0,0,0,0,0,0,0,0,0,1,2,1,0,0,0,1,0,0,0,0,0,0,0,0,0,0,0,0,0,0,0,0,0,0,1,0,0,0,0,0,0,0,0,0,0,0,0,0,0,0,0,0,0,0,0,0,0,0,0,0,0,0,0,0,0,0,0,0,0,0,0,9,0,0,0,0,0,0,5,0,0,0,0,0,0
35,2/26/20,1,0,1,0,0,0,0,0,0,7,0,0,4,0,0,0,0,2,0,0,33,0,0,0,0,0,0,0,0,1,0,0,0,0,0,0,0,7,0,0,0,0,0,0,1,0,0,0,0,0,0,0,245,165,192,76,10,496,105,42,39,51,231,238,67,44218,233,37,153,215,28,33,3,6,0,53,379,65,29,224,39,0,42,30,338,0,0,0,0,0,3,695,0,0,0,0,0,0,0,0,0,0,0,1,0,0,0,0,0,0,0,1,7,0,0,0,0,0,0,0,0,0,0,1,12,0,1,0,0,0,0,0,0,0,0,0,0,0,90,5,0,2,450,0,167,0,0,0,1239,0,26,0,0,2,0,0,0,0,0,4,0,0,0,0,0,0,0,0,0,0,0,0,0,0,0,0,0,0,0,0,0,0,1,1,4,2,0,0,0,0,2,0,0,0,1,0,0,0,0,0,0,0,0,0,31,0,0,0,0,11,0,0,0,2,1,0,27,0,18,0,0,0,0,0,0,0,0,0,0,0,0,0,0,0,0,0,0,0,0,0,0,0,0,0,0,0,0,0,0,0,0,0,0,0,0,0,0,0,0,0,0,0,0,0,0,0,0,0,0,0,0,0,0,0,0,42,0,0,0,0,0,0,0,0,0,0,0,0,0,0,0,0,0,0,0,0,0,0,0,0,0,0,0,0,0,0,0,0,0,0,1,0,0,0,0,0,0,0,0,0,0,0,0,0,0,0,0,0,0,0,0,0,0,0,0,0,0,0,1,0,0,0,0,0,0,0,0,0,0,0,0,0,0,0,0,0,0,0,0,0,0,0,0,0,0,0,0,0,0,0,0,0,0,0,0,0,0,0,0,0,0,0,0,0,0,0,1,0,0,0,0,0,0,0,0,0,0,0,0,0,0,0,0,0,0,0,0,0,0,0,0,1,2,1,0,0,0,1,0,0,0,0,0,0,0,0,0,0,0,0,0,0,0,0,0,0,1,0,0,0,0,0,0,0,0,0,0,0,0,0,0,0,0,0,0,0,0,0,0,0,0,0,0,0,0,0,0,0,0,0,0,0,0,9,0,0,0,0,0,0,5,0,0,0,0,0,0
36,2/27/20,1,0,1,0,0,0,0,0,0,8,0,0,4,0,0,0,0,3,0,0,33,0,0,0,0,0,0,0,0,1,0,0,0,0,0,0,0,4,0,0,0,0,0,0,3,0,0,0,0,0,0,0,197,162,175,68,10,457,91,34,37,43,210,204,68,42213,213,32,133,180,26,28,2,4,0,50,369,61,26,213,34,0,33,24,273,0,0,0,0,0,3,695,0,0,0,1,0,0,0,0,0,0,0,1,0,0,0,1,0,0,0,1,27,0,0,0,0,0,0,0,0,0,0,1,30,0,3,0,0,0,0,0,0,0,0,0,0,0,196,7,0,2,610,0,192,0,0,0,1744,0,43,0,0,2,0,0,0,0,0,5,0,0,0,0,0,0,0,0,0,0,0,0,0,0,0,0,1,0,0,0,0,0,1,1,4,2,0,0,0,0,2,0,0,0,1,0,0,0,0,1,0,0,0,0,31,0,0,0,0,13,0,0,0,7,8,0,27,0,18,0,0,0,0,0,0,0,0,0,0,0,0,0,0,0,0,0,0,0,0,0,0,0,0,0,0,0,0,0,0,0,0,0,0,0,0,0,0,0,0,0,0,0,0,0,0,0,0,0,0,0,0,0,0,0,0,42,0,0,0,0,0,0,0,0,0,0,0,0,0,0,0,0,0,0,0,0,0,0,0,0,0,0,0,0,0,0,0,0,0,0,1,0,0,0,0,0,0,0,0,0,0,0,0,0,0,0,0,0,0,0,0,0,0,0,0,0,0,0,1,0,0,0,0,0,0,0,0,0,0,0,0,0,0,0,0,0,0,0,0,0,0,0,0,0,0,0,0,0,0,0,0,0,0,0,0,0,0,0,0,0,0,0,0,0,0,0,1,0,0,0,0,0,0,0,0,0,0,0,0,0,0,0,0,0,0,0,0,0,0,0,0,2,2,1,0,0,0,1,0,0,0,0,0,0,0,0,0,0,0,0,0,0,0,0,0,0,1,0,0,0,0,0,0,0,0,0,0,0,0,0,0,0,0,0,0,0,0,0,0,0,0,0,0,0,0,0,0,0,0,0,0,0,0,9,0,0,0,0,0,0,7,0,0,0,0,0,0
37,2/28/20,1,0,1,0,0,0,0,0,0,8,0,0,4,0,0,0,0,3,0,0,36,0,0,1,0,0,0,0,0,1,0,0,0,0,0,0,0,4,0,0,0,0,0,0,3,0,1,0,0,0,0,0,169,153,154,61,9,413,84,34,35,41,197,160,64,39511,187,30,116,145,20,28,2,4,0,46,351,58,21,200,34,0,24,18,230,0,0,0,0,0,5,695,0,0,0,1,0,0,0,0,0,0,0,0,0,0,0,1,0,0,0,1,46,0,0,0,0,0,0,0,0,0,0,1,32,0,4,0,0,0,0,0,0,0,0,1,0,0,315,7,0,3,842,0,206,0,0,0,2315,0,45,0,0,2,0,0,1,0,0,5,0,0,0,0,0,1,0,0,0,0,0,0,0,0,0,0,1,0,1,0,0,1,1,6,4,2,0,0,0,0,2,0,0,0,3,0,0,0,0,1,0,0,0,0,31,0,0,0,0,30,0,0,0,7,8,0,28,0,13,0,0,0,0,0,0,0,0,0,0,0,0,0,0,0,0,0,0,0,0,0,0,0,0,0,0,0,0,0,0,0,0,0,0,0,0,0,0,0,0,0,0,0,0,0,0,0,0,0,0,0,0,0,0,0,0,44,0,0,0,0,0,0,0,0,0,0,0,0,0,0,0,0,0,0,0,0,0,0,0,0,0,0,0,0,0,0,0,0,0,0,1,0,0,0,0,0,0,0,0,0,0,0,0,0,0,0,0,0,0,0,0,0,0,0,0,0,0,0,1,0,0,0,0,0,0,0,0,0,0,0,0,0,0,0,0,0,0,0,0,0,0,0,0,0,0,0,0,0,0,0,0,0,0,0,0,0,0,0,0,0,0,0,0,0,0,0,1,0,0,0,0,0,0,0,0,0,0,0,0,0,0,0,0,0,0,0,0,0,0,0,0,2,2,1,0,0,0,1,0,0,0,0,0,0,0,0,0,0,0,0,0,0,0,0,0,0,0,0,0,0,0,0,0,0,0,0,0,0,0,0,0,0,0,0,0,0,0,0,0,0,0,0,0,0,0,0,0,0,0,0,0,0,0,14,0,0,0,0,0,0,12,0,0,0,0,0,0
38,2/29/20,1,0,1,0,0,0,0,0,0,0,0,0,8,1,0,3,2,9,0,0,41,0,0,1,0,0,0,0,0,2,0,0,0,0,0,0,0,5,0,0,0,0,0,0,8,0,1,0,0,0,0,0,122,140,138,53,9,366,76,34,20,36,179,102,62,37344,172,26,108,124,18,25,2,4,0,38,335,50,19,187,27,0,14,17,189,0,0,0,0,0,6,695,0,0,0,3,0,0,0,0,0,0,0,0,0,0,0,1,0,0,0,2,88,0,0,0,0,0,0,0,0,0,0,1,63,0,4,0,0,0,0,0,0,0,0,1,0,0,470,13,1,6,1082,0,209,0,0,0,3123,0,45,0,0,4,0,0,1,1,0,7,0,0,0,0,0,4,0,1,0,0,0,0,0,0,0,0,6,0,1,0,0,1,1,15,5,4,0,0,0,0,2,0,0,1,3,0,0,0,0,1,0,0,0,0,30,0,0,0,0,43,0,0,0,12,18,0,30,0,14,0,0,0,0,0,0,0,0,0,0,0,0,0,0,0,0,0,0,0,0,0,0,0,0,0,0,0,0,0,0,0,0,0,0,0,0,0,0,0,0,0,0,0,0,0,0,0,0,0,0,0,0,0,0,0,0,44,0,0,0,0,0,0,0,0,0,0,0,0,0,0,0,0,0,0,0,0,0,0,0,0,0,0,0,0,0,0,0,0,0,0,1,0,0,0,0,0,0,0,0,0,0,0,0,0,0,0,0,0,5,0,0,0,0,0,0,0,0,0,1,0,0,0,0,0,0,0,0,0,0,0,0,0,0,0,0,0,0,0,0,0,0,0,0,0,0,0,0,0,0,0,0,0,0,0,0,0,0,0,0,0,0,0,0,0,0,0,1,0,0,0,0,0,0,0,0,0,0,0,0,0,0,0,0,0,0,0,0,0,0,0,0,2,2,1,0,0,0,2,0,0,0,0,0,0,1,0,0,0,0,0,0,0,0,0,0,0,0,0,0,0,0,0,0,0,0,0,0,0,0,0,0,0,0,0,0,0,0,1,0,0,0,0,0,0,0,0,0,0,0,0,0,0,0,16,0,0,0,0,0,0,15,0,0,0,0,0,0
39,3/1/20,1,0,1,0,0,0,0,1,0,0,2,0,8,1,0,3,2,14,3,0,47,0,0,1,1,0,0,0,0,2,0,0,0,0,0,0,0,5,0,0,0,0,0,0,12,0,1,0,0,0,0,0,117,137,126,49,7,333,71,34,19,24,138,74,60,35371,152,23,95,104,15,19,2,4,0,37,315,47,17,173,25,0,12,11,159,0,0,0,0,0,7,695,0,0,3,4,0,0,0,0,1,0,6,1,0,0,0,1,0,0,0,5,118,0,0,0,0,0,0,0,0,0,0,3,114,0,7,0,0,0,0,0,0,0,0,3,0,0,803,19,1,9,1611,0,224,0,0,0,3706,0,45,0,0,10,0,0,1,1,0,11,0,0,0,0,0,5,0,1,0,0,0,0,0,0,0,0,10,0,1,0,0,1,1,19,5,4,0,0,0,0,2,0,0,3,3,0,0,0,0,1,0,0,0,0,34,0,0,0,0,82,0,0,0,14,27,0,31,0,14,0,0,0,0,0,0,0,0,0,0,0,0,0,0,0,0,0,0,0,0,0,0,0,0,0,0,0,0,0,0,0,0,0,0,0,0,0,0,0,0,0,0,0,0,1,0,0,0,0,0,0,0,0,0,0,0,44,0,0,0,0,0,0,0,0,0,0,0,0,0,0,0,0,0,0,0,0,0,0,0,0,0,0,0,0,0,0,0,0,0,0,1,0,0,0,0,0,0,0,0,0,0,0,0,0,0,0,0,0,8,0,0,0,0,0,0,0,0,0,1,0,0,0,0,0,0,0,0,0,0,0,0,0,0,0,0,0,0,0,0,0,0,0,0,0,0,0,0,0,0,0,0,0,0,0,0,0,0,0,0,0,0,0,0,0,0,0,1,0,0,0,0,0,0,0,0,0,0,0,0,0,0,0,0,0,1,0,0,0,0,0,0,2,2,1,0,0,0,2,0,0,0,0,0,0,2,0,0,0,0,0,0,0,0,0,0,0,0,0,0,0,0,0,0,0,0,0,0,0,0,0,0,0,0,0,0,0,0,1,0,0,0,0,0,0,0,0,0,0,0,0,0,0,0,16,0,0,0,0,0,0,28,0,0,0,0,0,0
40,3/2/20,1,0,3,1,0,0,0,1,0,0,2,0,8,1,1,5,2,18,3,0,49,0,0,1,7,0,0,0,0,2,0,0,0,0,0,0,0,5,0,0,0,0,0,0,15,0,1,0,0,0,0,0,73,132,107,41,6,291,60,32,17,22,124,67,64,33169,131,21,88,85,10,19,2,5,0,29,298,45,14,152,25,0,10,6,137,0,0,0,0,0,7,695,0,0,3,4,0,0,0,0,1,0,6,1,0,0,0,1,0,0,0,5,179,0,0,0,0,0,0,0,0,0,0,3,143,0,7,0,0,0,0,0,0,0,0,6,2,2,1210,26,1,9,1887,0,242,0,0,0,4305,0,56,0,1,13,0,0,1,1,0,11,0,0,0,0,0,5,0,1,0,0,1,0,0,0,0,0,18,0,1,0,0,1,1,25,5,4,0,0,0,0,2,0,2,3,3,1,0,0,0,8,1,1,0,0,30,0,0,0,0,118,0,0,0,15,42,0,29,0,12,0,0,0,0,0,0,0,0,0,0,0,0,0,0,0,0,0,0,0,0,0,0,0,0,0,0,0,0,0,0,0,0,0,0,0,0,0,0,0,0,0,0,0,0,2,0,0,0,0,0,0,0,0,0,0,0,45,0,0,0,0,0,0,0,0,0,0,0,0,0,0,0,0,0,1,0,0,0,0,0,0,0,0,0,0,0,0,1,0,0,0,1,0,0,0,0,0,0,0,0,0,0,0,0,0,0,0,0,0,13,0,0,0,0,0,0,0,0,0,1,0,0,0,0,0,0,0,0,0,0,0,0,0,0,0,0,0,0,0,0,0,0,0,0,0,0,0,0,0,0,0,0,0,0,0,0,1,0,0,0,0,0,0,0,0,0,0,1,0,0,0,0,0,0,0,0,0,0,0,0,1,0,0,0,0,2,0,0,0,0,0,0,2,2,1,0,0,1,8,0,0,0,0,0,0,4,0,0,1,0,0,0,0,0,0,0,0,0,0,0,0,0,0,0,0,0,0,0,1,0,0,0,0,0,0,0,0,0,2,0,0,0,0,0,0,0,0,0,0,0,0,0,0,0,16,0,0,0,0,0,0,32,0,0,0,0,0,0
41,3/3/20,1,0,5,1,0,0,1,1,0,0,9,0,10,1,1,5,2,21,3,0,49,0,0,1,12,0,0,0,0,2,0,0,0,0,0,0,0,6,0,0,0,0,0,0,17,0,1,0,0,0,0,1,54,126,86,36,5,249,50,32,13,18,114,41,63,31009,112,16,69,65,10,19,1,5,0,29,247,44,9,144,12,0,8,5,120,0,0,0,0,0,9,696,0,0,5,6,0,0,0,0,1,0,7,1,0,0,0,2,0,0,0,5,192,0,0,0,0,0,0,0,0,0,0,3,180,0,7,0,0,0,0,0,0,0,0,11,2,2,2045,32,2,11,2342,0,250,1,0,0,5156,0,56,0,1,13,0,0,1,1,0,14,0,0,0,0,0,4,0,1,0,0,1,0,0,0,0,0,24,0,1,0,0,1,1,32,10,5,0,0,0,0,2,0,2,7,3,1,0,0,0,10,1,2,0,0,32,0,0,0,0,163,0,0,0,21,54,0,30,0,12,0,0,0,0,0,0,0,0,1,0,0,0,0,0,0,0,0,0,0,0,0,0,0,0,0,0,0,0,0,0,0,0,0,0,0,0,0,0,0,0,0,0,0,0,2,0,0,0,0,0,0,0,0,0,0,0,45,0,0,0,0,0,0,0,0,0,0,0,0,0,0,0,2,0,2,0,0,0,0,0,0,0,0,0,0,0,0,2,0,0,0,1,0,0,0,0,0,0,0,0,0,0,0,0,0,0,0,0,0,20,0,0,0,0,0,0,0,0,0,1,0,0,0,0,0,0,0,0,0,0,0,0,0,0,0,0,0,0,0,0,0,0,0,0,0,0,0,0,0,0,0,0,0,0,0,0,1,0,1,0,0,0,0,0,0,0,0,1,0,0,0,0,0,0,0,0,0,0,0,0,1,0,0,0,0,2,0,0,0,0,0,0,2,2,1,0,0,2,10,0,0,0,0,0,0,6,0,0,1,0,0,0,0,0,0,0,0,0,0,0,0,0,0,0,0,0,0,0,1,0,0,0,0,0,0,0,1,0,2,0,0,0,0,0,0,1,0,0,0,0,0,0,0,1,22,0,0,0,0,0,0,43,0,0,0,0,0,0
42,3/4/20,1,0,12,1,0,0,1,1,0,0,18,1,10,3,1,6,2,29,3,0,52,0,0,6,22,0,0,0,0,4,0,0,0,0,0,0,0,9,0,0,0,0,0,0,17,0,1,0,0,0,0,1,34,121,74,26,4,217,42,32,10,17,107,38,68,28775,102,12,54,51,7,19,1,6,0,22,242,40,9,132,12,0,7,5,99,0,0,0,0,0,10,696,0,0,8,10,1,0,0,0,1,0,10,1,0,0,0,2,0,0,0,5,273,0,0,0,0,0,0,3,0,0,0,3,246,0,9,0,0,0,0,0,0,0,2,26,25,2,2370,35,6,14,2813,0,288,1,0,0,5580,0,56,0,1,12,0,1,1,1,0,28,0,0,0,0,0,4,0,1,0,0,1,0,0,0,0,0,38,0,3,0,0,1,1,56,13,5,0,0,0,0,2,1,5,8,3,1,0,0,0,16,1,4,0,0,32,0,0,0,0,220,0,0,0,35,87,0,30,0,12,0,0,0,1,0,0,0,0,1,0,0,0,0,0,0,0,0,0,0,0,0,0,0,0,0,0,0,0,0,0,0,0,0,0,0,0,0,0,0,0,0,0,0,1,2,0,0,0,0,0,0,0,0,0,0,0,45,0,0,0,0,0,0,0,0,0,0,0,0,0,0,0,2,0,2,0,0,0,0,0,0,0,0,0,0,0,0,2,0,0,0,1,0,0,0,0,0,0,0,0,0,0,0,0,0,0,0,0,0,30,0,0,0,0,0,0,0,0,0,7,0,0,0,0,0,0,0,0,0,0,0,0,0,0,0,0,0,0,0,0,0,0,0,0,0,0,0,0,0,0,0,0,0,0,0,0,1,0,1,0,0,0,0,0,0,0,0,3,0,0,0,0,0,0,0,0,0,0,0,0,2,0,0,0,0,2,0,0,0,0,0,0,2,2,1,0,0,2,10,0,0,0,0,0,0,8,0,0,1,0,0,0,0,0,0,0,0,0,0,0,0,0,0,0,0,0,0,0,1,0,0,0,0,0,0,0,1,0,2,0,0,0,0,0,0,10,0,0,0,0,0,0,0,1,22,0,0,0,1,0,0,77,0,0,0,0,0,0
43,3/5/20,1,0,12,1,0,0,1,1,0,0,18,1,5,3,1,3,3,41,6,0,55,0,0,6,49,0,0,0,2,4,0,0,0,0,0,0,0,10,0,0,0,0,0,0,19,0,2,0,0,0,0,4,20,121,64,19,15,170,38,32,10,14,102,33,62,26874,80,10,48,34,5,19,1,6,0,21,180,36,7,114,8,0,6,5,91,0,0,0,0,0,10,696,0,0,12,10,1,0,0,0,1,0,13,2,0,0,0,3,0,0,0,11,365,0,0,0,0,0,0,3,0,0,0,4,466,0,31,0,0,0,0,0,0,0,2,34,27,2,2774,35,6,19,3444,0,317,1,0,0,6047,0,58,0,1,15,0,1,1,1,0,28,0,0,0,0,0,4,0,1,0,0,2,0,0,0,0,0,82,0,3,0,0,1,1,87,14,5,0,0,0,0,2,1,8,8,5,2,0,0,0,21,5,4,0,0,39,0,2,0,1,257,0,0,0,94,111,0,32,0,16,0,0,0,1,0,0,0,0,1,0,0,0,0,0,0,0,0,2,0,0,0,0,0,0,0,0,0,0,0,0,0,0,0,0,0,0,1,0,0,0,0,0,0,1,3,0,0,0,0,0,0,0,0,0,0,0,45,0,0,0,0,0,0,0,0,0,0,0,0,0,1,0,2,0,2,0,1,0,0,0,0,0,0,2,0,0,0,2,0,0,0,1,0,0,0,0,0,0,0,0,0,0,0,0,0,0,0,0,0,50,0,0,0,0,0,0,0,0,0,11,0,0,0,0,0,0,0,0,0,0,0,0,0,0,0,0,0,0,0,0,0,0,0,0,0,0,0,1,0,0,0,0,0,0,0,0,4,0,1,0,0,0,0,0,0,0,0,3,0,0,0,0,0,0,0,0,0,0,0,0,2,0,0,0,0,2,0,0,0,0,0,0,2,2,2,2,0,2,19,0,1,0,0,0,0,18,0,0,1,0,0,0,0,0,0,0,0,0,0,0,0,0,0,0,0,0,0,0,1,0,0,0,0,0,0,0,1,0,2,0,0,0,0,0,0,18,0,1,0,0,0,0,0,1,24,0,0,0,1,0,0,107,0,0,0,0,0,0
44,3/6/20,1,0,17,1,0,0,2,1,0,0,22,0,5,5,1,3,3,55,6,0,56,0,0,6,108,0,1,0,2,13,0,0,0,0,0,1,1,18,0,0,0,0,0,0,22,0,2,0,0,0,0,4,11,123,63,12,32,136,35,32,10,13,85,28,61,25559,63,10,37,26,3,19,0,4,0,19,140,36,7,97,8,0,5,4,68,1,0,0,1,0,11,656,0,0,18,22,1,0,0,0,2,0,13,14,0,0,0,10,0,0,0,14,641,0,0,0,0,0,0,3,0,0,0,4,653,0,45,0,0,0,0,0,1,0,2,43,28,4,3834,40,18,35,4113,0,374,1,0,0,6458,0,58,0,1,21,0,1,1,2,0,61,0,0,0,0,0,5,0,1,0,0,2,0,0,0,0,0,128,0,4,0,0,1,3,108,14,6,0,0,0,1,4,5,13,8,8,11,0,0,0,21,5,4,1,0,52,1,7,0,1,398,0,0,0,101,211,0,33,0,17,0,1,0,1,0,0,0,0,1,0,0,0,0,0,0,0,0,2,0,0,0,0,0,0,0,0,0,0,0,0,0,0,0,0,1,0,1,0,0,0,0,0,0,3,3,0,0,0,0,0,0,0,0,1,2,0,45,0,0,1,0,0,0,0,0,0,1,0,0,0,1,0,2,0,2,0,1,0,0,0,0,0,0,3,0,0,0,2,0,0,0,1,0,0,0,0,0,0,0,0,0,0,0,0,0,0,0,0,0,57,0,0,0,0,0,0,0,0,0,13,0,0,0,0,0,1,0,1,0,0,0,0,0,1,0,0,0,0,0,0,0,0,3,0,0,0,0,1,0,0,0,0,0,0,0,0,11,0,2,0,0,0,0,0,0,0,0,3,0,0,0,0,0,0,0,0,0,0,0,0,5,1,0,0,0,2,0,1,0,0,0,0,2,2,2,2,0,2,19,0,1,0,0,0,0,19,0,0,1,0,0,0,0,0,0,0,0,2,0,0,1,0,0,0,0,0,0,0,1,0,0,0,0,0,0,0,1,0,2,0,1,1,0,0,0,19,0,1,0,0,0,1,0,1,24,0,0,0,1,0,0,155,0,0,0,0,0,0
45,3/7/20,1,0,17,1,0,0,8,1,0,0,24,0,5,5,1,4,3,79,9,0,81,0,0,6,168,0,1,0,3,13,0,0,0,0,0,1,2,17,0,0,0,0,0,0,24,0,3,0,0,0,0,4,11,123,50,1,33,115,34,31,10,11,78,28,57,24166,58,8,25,19,3,18,0,4,0,19,131,29,7,85,8,0,4,4,61,1,0,0,1,0,12,656,0,0,19,22,1,0,0,0,2,0,13,14,0,0,0,10,0,0,0,14,937,5,0,0,0,0,0,3,0,0,0,4,781,0,46,0,0,0,0,0,1,0,4,50,31,4,4154,54,18,41,5294,0,385,1,0,0,6906,0,61,0,1,21,0,1,1,2,0,70,0,3,2,0,0,5,0,1,0,0,2,0,0,0,0,0,188,0,5,0,0,1,3,147,14,6,0,0,0,1,5,5,20,8,6,11,0,0,0,23,5,4,1,0,60,1,7,0,1,470,0,0,0,161,265,0,33,0,19,0,1,0,1,0,0,0,0,2,0,0,0,0,0,0,0,0,4,0,0,0,0,2,0,0,0,0,0,0,0,0,1,0,0,1,0,1,1,1,0,0,0,0,3,4,0,0,0,0,1,0,0,0,1,2,0,45,0,3,1,0,0,1,0,0,0,1,0,0,0,3,0,3,0,2,21,1,0,0,0,0,0,0,5,0,0,0,2,1,0,0,1,0,0,0,0,0,1,0,1,0,0,0,0,0,0,0,0,1,70,0,0,1,0,0,0,0,2,0,14,0,0,1,0,0,1,0,1,0,0,0,0,0,1,0,0,0,0,0,0,0,0,3,0,0,0,0,4,0,0,0,0,0,0,0,0,11,0,2,0,0,0,0,0,0,0,0,3,0,0,0,0,0,0,0,1,0,0,2,0,5,1,0,0,0,3,0,1,0,0,0,2,2,2,2,9,0,2,31,0,1,2,0,0,0,27,0,0,1,0,0,0,0,0,0,0,0,2,0,0,1,0,0,0,0,0,1,0,1,0,0,0,0,0,0,0,1,0,3,0,1,1,0,0,0,57,0,1,0,0,0,1,0,1,38,0,0,0,1,0,0,188,0,0,0,2,0,0
46,3/8/20,4,0,19,1,0,0,12,1,0,0,34,0,7,5,2,4,3,104,9,0,81,3,0,6,199,0,1,0,3,20,0,4,0,0,1,2,4,23,0,0,0,0,0,0,25,0,4,0,0,0,0,8,6,120,49,1,37,96,29,29,9,11,69,25,56,22472,50,5,19,16,3,16,0,4,0,18,116,28,7,75,8,0,3,4,54,1,0,0,5,0,12,656,0,0,31,34,2,0,0,0,5,0,14,48,0,0,0,10,0,0,0,22,1114,5,0,0,0,0,0,3,0,0,0,13,1022,0,73,0,0,0,0,0,1,0,7,50,36,6,4432,60,19,59,6753,0,426,1,0,0,7196,0,63,0,2,31,0,1,1,3,0,75,4,3,2,0,0,6,1,1,0,0,2,0,0,0,0,0,265,0,5,0,0,1,3,176,14,5,0,0,1,6,9,11,30,15,12,14,0,0,0,36,11,3,1,0,72,3,16,0,3,643,0,0,0,203,334,0,32,0,19,0,1,0,2,0,0,0,0,2,0,0,0,0,0,0,0,1,4,1,0,0,0,2,0,0,0,0,0,0,0,0,1,0,0,1,0,2,1,1,0,0,0,0,9,5,0,0,0,1,1,0,0,0,1,2,0,45,0,3,1,1,0,1,0,2,0,1,0,0,0,6,1,3,0,3,21,1,0,0,0,0,0,1,5,0,0,1,2,1,0,1,1,0,0,0,0,0,2,0,1,0,0,0,1,0,0,0,0,1,82,0,1,1,0,0,0,0,2,0,14,0,0,1,0,1,1,0,1,1,0,0,0,0,7,0,0,0,0,0,0,0,0,4,4,0,0,0,5,0,0,0,0,0,0,0,0,12,0,6,0,0,0,0,0,1,0,0,3,0,0,0,0,0,0,0,4,0,0,2,0,5,1,0,0,0,3,0,1,0,1,1,2,2,2,2,9,0,2,37,0,1,2,0,1,0,31,0,0,1,0,0,0,0,0,1,0,0,7,1,0,1,0,0,0,0,0,1,1,1,0,0,0,0,0,0,1,1,0,8,2,2,1,0,0,0,83,0,1,0,0,0,1,0,1,38,0,0,0,1,0,0,255,0,0,0,14,0,0
47,3/9/20,4,2,20,1,0,0,12,1,0,0,44,0,7,5,2,8,4,129,9,0,81,3,0,5,238,0,1,0,3,25,1,4,0,0,1,2,7,28,0,0,0,0,0,0,30,0,4,0,0,0,0,8,6,113,34,1,36,92,22,23,9,11,51,25,56,21255,39,5,10,12,2,16,0,4,0,18,58,27,6,73,6,0,3,4,39,1,0,0,9,0,12,656,0,2,31,89,2,0,0,0,5,0,15,54,0,0,0,10,0,0,0,29,1197,5,0,0,0,0,0,1,2,0,0,15,1158,0,73,0,0,0,0,0,1,0,9,58,40,19,4767,57,21,59,8448,0,435,1,0,0,7360,0,63,0,6,31,0,1,1,3,0,93,4,3,2,0,0,6,1,1,0,0,2,0,0,0,0,0,321,0,5,0,0,2,3,204,14,5,0,0,1,7,19,16,30,18,12,14,0,0,0,36,15,3,1,0,72,3,16,0,3,1041,0,0,0,247,371,0,30,0,19,0,1,0,2,0,0,0,0,2,0,0,0,0,0,0,0,1,4,1,0,0,0,3,0,0,0,0,0,0,1,0,1,1,0,1,1,2,1,3,0,1,0,0,9,5,0,0,0,1,1,0,0,0,1,2,0,45,0,3,3,1,0,1,0,2,0,1,0,0,0,6,1,5,0,3,21,1,0,0,0,0,0,1,6,2,0,2,2,1,0,1,1,0,0,0,0,0,2,1,1,1,0,3,1,0,0,0,0,1,82,0,1,1,0,0,0,0,2,0,14,0,0,1,0,2,1,0,1,1,0,0,0,0,7,0,0,0,0,0,0,0,0,4,5,0,0,0,17,0,0,0,0,0,0,0,0,19,0,6,0,0,0,0,0,1,0,0,4,0,0,0,0,0,0,0,4,0,0,2,0,7,1,0,0,0,3,0,1,0,1,1,4,2,2,2,9,0,2,37,0,1,2,1,1,0,31,0,0,3,0,0,1,0,0,1,0,0,7,1,0,1,0,0,0,0,0,1,1,1,0,0,0,0,0,0,1,1,0,8,2,2,1,0,0,0,98,0,1,0,0,0,1,0,1,38,0,0,0,1,0,0,303,0,0,0,14,0,0
48,3/10/20,5,10,20,1,0,0,17,1,0,0,51,1,10,5,2,11,6,178,11,0,88,3,0,6,266,0,1,0,5,31,1,4,1,0,1,2,7,28,0,0,0,0,0,0,32,0,4,0,0,0,0,13,6,109,29,1,37,79,18,17,9,11,47,25,55,20017,28,5,4,8,2,14,0,4,0,18,39,25,2,61,5,0,3,4,24,3,0,0,9,0,14,656,0,3,41,261,2,0,0,0,5,0,15,58,0,0,0,12,0,0,0,39,1772,5,0,0,0,0,0,1,2,0,0,15,1439,0,89,0,0,0,0,0,1,0,9,68,52,25,5311,68,34,79,9425,0,480,1,0,0,7266,0,68,0,7,40,0,1,1,5,0,105,6,5,2,0,0,3,3,1,1,0,3,0,0,0,0,0,382,0,5,0,0,2,7,399,9,15,1,0,1,11,31,22,41,24,22,17,0,0,0,51,19,3,5,0,82,7,31,0,7,1663,0,0,0,354,488,0,30,0,20,0,1,0,5,0,0,0,0,0,0,0,0,5,0,0,0,0,0,0,0,0,0,0,0,0,0,142,0,0,0,0,0,0,0,0,0,0,0,0,0,0,15,2,0,0,0,0,0,0,0,0,0,0,0,0,0,46,5,0,0,0,0,0,0,0,0,0,0,15,0,0,0,0,17,0,21,0,0,0,0,0,0,0,0,0,2,0,0,0,0,0,0,0,10,6,8,0,0,0,0,0,0,0,0,0,0,1,6,0,0,0,0,0,0,0,0,0,0,0,0,0,1,0,0,0,0,0,0,0,8,91,0,0,0,0,0,3,0,1,0,0,0,0,0,0,0,0,0,0,3,4,0,4,15,0,173,0,0,0,0,7,0,0,3,0,2,0,0,15,0,0,0,0,12,0,0,0,0,0,0,0,0,0,0,0,0,0,0,3,0,0,0,0,0,0,0,0,0,0,0,0,0,0,0,0,0,0,0,0,7,0,0,0,0,0,0,0,0,0,0,0,0,0,7,13,0,0,0,0,0,2,0,1,0,7,0,0,266,0,0,0,0,0,0,0,0,0,0,2,0,0,0,0,1,62,0,0,1,0,0,0,364,0,0,0,15,0,0
49,3/11/20,7,12,20,1,0,0,19,1,0,0,61,1,12,7,3,14,9,242,8,0,160,3,0,6,313,0,1,2,7,38,11,7,2,0,2,2,19,35,0,0,1,0,0,0,37,0,8,0,0,0,0,23,6,109,22,1,39,74,14,13,9,11,46,24,61,18639,23,4,4,3,2,14,0,3,0,13,34,24,2,51,5,0,3,4,20,9,0,1,13,1,19,371,0,6,91,441,2,0,0,0,5,0,17,33,0,0,0,16,0,0,0,58,2269,5,0,0,0,0,1,1,2,0,0,24,1883,0,99,0,0,0,0,0,1,2,13,84,58,32,6041,56,43,105,11417,1,521,1,0,0,7467,0,70,0,9,60,0,1,3,7,0,123,8,6,3,0,0,4,3,1,1,0,5,0,0,0,0,0,503,0,5,0,0,2,7,597,9,17,8,0,5,11,47,31,59,262,39,17,0,0,0,62,20,3,12,0,82,10,57,0,13,2094,1,0,0,499,648,0,31,0,25,0,1,0,7,1,0,0,0,0,0,0,0,8,1,0,0,0,0,0,0,0,0,0,0,0,0,175,0,0,0,0,0,0,0,0,0,0,0,0,0,0,34,3,0,0,0,0,0,0,0,0,0,1,0,0,0,46,10,0,0,0,0,0,0,0,0,0,0,28,0,0,0,0,23,0,21,0,0,0,0,0,0,0,0,0,2,0,0,0,0,0,0,0,23,11,13,0,0,0,0,0,0,0,0,0,0,1,8,0,0,0,0,0,0,0,0,0,0,0,0,0,6,0,0,0,0,0,0,0,9,94,0,2,0,0,0,5,0,1,0,0,1,0,0,0,0,0,0,0,5,7,0,5,23,3,220,0,0,0,0,7,0,0,4,0,2,0,0,19,0,0,0,0,16,0,0,0,0,0,0,0,0,0,0,0,0,0,0,5,0,0,0,0,0,0,0,0,0,0,0,0,0,0,0,0,0,0,0,0,10,8,0,0,0,0,0,0,0,0,0,0,0,0,9,21,0,0,0,0,0,3,0,1,0,9,0,0,365,0,0,0,0,0,0,0,0,0,0,5,0,0,0,0,1,57,0,0,2,0,0,0,438,0,0,0,22,0,0
50,3/12/20,7,23,16,0,0,0,19,4,0,0,61,1,12,7,3,14,9,298,8,0,160,3,0,9,313,0,1,2,11,52,11,7,2,0,2,2,19,42,0,0,1,0,0,0,38,0,9,0,0,0,0,23,6,101,12,1,39,67,11,9,8,10,41,24,62,17463,19,4,2,1,2,13,0,3,0,13,26,23,1,41,4,0,3,4,18,9,0,1,22,1,19,371,3,6,94,614,2,0,0,0,5,0,17,40,0,0,0,16,0,0,0,58,2269,5,0,0,0,0,1,1,2,0,0,24,2053,0,99,0,0,0,1,0,1,2,13,102,69,32,7116,56,43,127,11417,2,521,1,0,0,7536,0,75,0,9,60,0,1,3,19,0,123,8,6,3,0,0,8,3,2,1,0,6,0,0,0,0,0,503,0,5,0,0,2,7,701,9,18,11,0,5,15,50,49,59,262,43,25,0,0,0,69,44,3,19,0,82,16,89,0,17,2094,1,0,0,598,648,0,29,0,36,0,1,0,7,1,0,0,0,0,0,0,0,8,6,0,0,0,0,0,0,0,0,0,0,0,0,215,0,0,0,0,0,0,0,0,0,0,0,0,0,0,45,5,0,0,0,0,0,0,0,0,0,1,0,0,0,46,10,0,0,0,0,0,0,0,0,0,0,35,0,0,0,0,31,0,21,0,0,0,0,0,0,0,0,0,2,0,0,0,0,0,0,0,30,13,16,0,0,0,0,0,0,0,0,0,0,1,10,0,0,0,0,0,0,0,0,0,0,0,0,0,19,0,0,0,0,0,0,0,12,107,0,2,0,0,0,9,1,1,0,0,1,0,0,0,0,0,0,0,10,14,0,6,29,5,328,0,0,0,0,15,1,0,5,0,2,0,0,24,0,0,0,0,22,0,0,0,0,0,0,0,0,0,0,0,0,0,0,5,0,0,0,0,0,0,0,0,0,0,0,0,0,0,0,0,0,0,0,0,12,8,0,0,0,0,0,0,0,0,0,0,0,0,18,27,0,0,0,0,0,5,0,2,0,17,0,0,441,0,0,0,0,0,0,0,0,0,0,7,0,1,0,0,1,68,0,0,2,0,0,0,438,0,0,0,23,0,0
51,3/13/20,7,33,18,1,0,1,31,8,1,0,88,1,27,13,5,28,14,498,12,0,145,3,0,24,558,0,1,3,13,151,37,23,2,0,4,2,29,60,2,4,1,0,0,0,70,0,17,2,0,0,0,43,6,94,10,1,39,60,9,6,8,8,36,24,57,16233,13,4,1,1,2,13,0,3,0,13,21,22,0,36,4,0,3,4,18,13,0,2,23,1,31,371,4,14,141,800,3,0,0,0,5,0,17,53,0,0,0,79,0,1,0,154,3649,5,3,1,0,0,5,1,2,0,0,25,3629,0,190,0,0,1,1,0,1,2,19,133,78,67,8405,77,90,157,16221,8,583,0,4,1,7469,0,75,0,16,76,0,1,6,34,0,171,9,11,3,0,0,8,6,2,1,0,6,0,0,0,2,0,804,0,5,0,0,2,13,995,10,26,27,0,6,28,62,68,111,320,82,42,0,0,0,80,85,9,35,0,103,32,141,0,24,5039,5,1,0,813,1135,0,30,0,40,0,1,0,16,5,0,5,0,0,1,0,0,8,6,0,0,0,0,0,0,0,0,0,0,0,0,276,0,0,0,0,0,0,0,0,0,0,0,0,0,0,49,11,0,0,0,0,0,0,0,0,0,4,0,0,0,46,10,0,0,0,0,0,0,0,0,0,0,50,0,0,0,0,42,0,21,0,0,0,0,0,0,0,0,0,2,0,0,0,0,0,0,1,44,13,17,0,0,0,0,0,0,0,0,0,0,5,14,0,0,0,0,0,0,0,0,0,0,0,0,0,36,0,1,0,0,0,0,0,18,122,0,16,0,0,0,14,1,2,0,0,1,0,0,0,0,0,0,0,13,17,0,6,29,10,421,0,0,0,0,17,1,0,13,0,2,0,0,30,0,0,0,0,41,0,0,0,0,0,0,0,0,0,0,0,0,0,0,14,0,0,0,0,0,0,0,0,0,0,0,0,0,0,0,0,0,0,0,0,13,8,0,0,0,0,0,0,0,0,0,0,0,0,26,43,0,0,0,0,0,9,0,2,0,30,0,0,567,0,0,0,0,0,0,0,0,0,0,18,0,1,0,0,3,68,0,1,2,0,0,0,780,0,0,0,31,0,0
52,3/14/20,11,38,25,0,0,1,33,18,1,0,108,1,38,16,5,41,17,649,12,0,166,3,0,24,688,0,1,10,18,151,40,41,2,0,6,2,29,60,2,4,1,0,0,0,75,0,17,2,0,0,0,61,6,88,7,1,40,57,9,3,8,8,35,23,62,14830,4,4,1,1,2,12,0,2,0,13,19,29,0,28,4,0,3,2,16,22,0,2,26,1,37,371,4,26,189,826,9,0,0,0,11,0,28,82,0,0,0,115,1,1,0,224,4457,5,3,1,0,0,6,1,2,1,0,30,4539,3,220,0,1,1,1,0,1,2,29,155,98,88,9770,84,129,189,19191,8,655,0,6,1,7576,0,99,0,25,92,0,4,8,51,0,203,10,17,9,1,0,22,12,2,1,0,16,0,2,0,2,1,957,0,6,0,0,2,13,1089,10,29,36,0,6,38,109,103,167,333,114,51,1,1,1,76,102,9,46,2,107,44,181,0,38,5874,9,1,1,960,1355,0,33,0,47,0,1,2,18,5,0,6,0,0,1,0,0,11,12,0,0,0,0,0,0,0,0,0,0,0,0,334,0,0,0,0,0,0,0,0,0,0,0,0,0,0,101,22,0,0,0,0,0,0,0,0,0,6,0,0,0,46,10,0,0,0,0,0,0,0,0,0,0,76,0,0,0,0,66,0,21,0,0,0,0,0,0,0,0,0,4,0,0,0,0,0,0,2,62,16,17,0,0,0,0,0,0,0,0,0,0,8,14,0,0,0,0,0,0,0,0,0,0,0,0,0,77,0,3,0,0,0,0,0,26,137,0,25,0,0,0,21,6,4,0,0,5,0,0,0,0,0,0,0,14,21,0,7,69,10,525,0,0,0,0,24,1,0,26,0,4,0,0,32,0,0,0,0,47,0,0,0,0,0,0,0,0,0,0,0,0,3,0,20,0,0,0,0,0,0,0,0,0,0,0,0,0,0,0,0,0,0,0,0,19,9,0,0,0,0,0,0,0,0,0,0,0,0,32,57,0,0,0,0,0,10,0,5,1,41,0,0,571,0,0,0,0,0,0,0,0,0,0,26,0,2,0,0,3,68,0,1,2,0,0,0,1122,4,0,2,37,0,0
53,3/15/20,16,42,36,0,0,1,44,26,1,0,130,1,53,17,6,49,17,854,17,0,154,5,0,24,885,0,1,10,24,162,50,51,3,0,6,2,39,69,2,4,2,1,0,0,100,1,24,2,0,1,0,74,6,89,6,1,42,56,9,3,8,8,29,23,64,13506,4,4,0,1,2,11,0,2,0,13,19,29,0,23,3,0,3,2,20,34,1,2,27,1,48,371,4,26,253,863,11,0,0,0,11,0,28,89,0,1,0,170,1,1,0,234,4487,7,3,3,1,0,7,1,2,1,0,33,5749,6,323,0,1,1,4,0,1,3,31,163,100,109,9348,90,129,247,22412,10,721,7,9,3,7652,2,107,0,29,109,0,4,11,59,0,386,13,20,9,1,0,37,23,2,1,0,27,0,2,0,2,1,1133,0,8,0,0,2,13,1220,13,51,43,0,6,43,138,119,243,397,122,55,1,2,1,97,102,23,48,2,121,54,219,0,51,7281,17,1,1,1021,2196,0,39,0,79,0,1,2,18,6,0,12,0,0,1,0,0,12,16,0,0,0,0,0,0,0,0,0,0,0,0,420,0,0,0,0,0,0,0,0,0,0,0,0,0,0,131,24,0,0,0,0,0,0,0,0,0,7,0,0,0,46,16,0,0,0,0,0,0,0,0,0,0,115,0,0,0,0,99,0,21,0,0,3,0,0,0,0,0,0,6,0,0,0,0,0,0,5,91,20,18,0,0,0,0,0,0,0,0,0,0,8,20,0,0,0,0,0,0,0,0,0,0,0,0,0,91,0,12,0,0,0,0,0,32,163,0,33,0,0,0,35,10,5,0,0,7,0,0,0,0,0,0,0,17,24,0,13,98,13,732,0,0,0,0,33,1,0,37,0,7,0,0,36,0,0,0,0,66,0,0,0,0,0,0,0,0,0,0,0,0,5,0,20,0,0,0,0,0,0,0,0,0,0,0,0,0,0,0,0,0,0,0,0,28,9,0,0,0,0,0,0,0,0,0,0,0,0,39,72,0,0,0,0,0,28,0,8,1,45,0,0,642,0,0,0,0,0,0,0,0,0,0,31,0,3,0,0,3,75,0,1,3,0,0,0,1122,4,1,10,40,0,0
54,3/16/20,20,51,42,1,0,1,55,52,2,0,167,1,60,26,7,63,28,1012,9,1,137,6,0,33,1057,1,1,11,25,199,54,52,15,0,6,4,56,99,2,7,6,1,0,5,172,1,50,7,0,1,0,155,6,92,6,1,42,55,4,2,7,8,27,23,71,12656,4,2,0,1,1,10,1,0,0,12,14,30,0,23,3,0,3,4,15,54,1,2,35,1,55,371,4,33,295,913,18,1,0,0,11,0,37,123,0,1,0,204,1,5,0,267,6621,11,3,6,1,0,9,3,2,1,0,32,7205,6,323,0,2,1,4,0,1,6,38,180,106,126,10401,98,169,251,25231,8,681,16,10,3,7099,2,114,0,33,98,1,4,16,77,0,524,13,28,15,1,0,49,23,7,1,0,28,0,2,0,2,1,1411,0,8,0,0,2,17,1332,13,134,55,0,8,86,140,164,328,435,149,82,5,2,1,105,116,22,54,3,134,63,253,1,62,9412,27,1,1,1102,2196,0,47,1,112,0,1,4,20,18,0,29,0,0,1,0,0,17,22,0,0,0,0,0,0,0,0,0,0,0,0,551,0,0,0,0,0,0,0,0,0,0,0,0,0,0,160,30,0,0,0,0,0,0,0,0,0,8,0,0,0,47,22,0,0,0,0,0,0,0,0,0,0,155,0,0,0,0,121,0,20,0,0,3,0,0,0,0,0,0,7,0,0,0,0,0,0,5,103,25,23,0,0,0,0,0,0,0,0,0,0,11,20,0,0,0,0,0,0,0,0,0,0,0,0,0,136,0,17,0,0,0,0,0,38,196,0,53,0,0,0,54,13,6,0,0,7,0,0,0,0,0,0,0,18,45,0,17,177,17,967,0,0,0,0,38,1,0,50,0,10,0,0,39,0,0,0,0,77,0,0,0,0,0,0,0,0,0,0,0,0,5,0,21,0,0,0,0,0,0,0,0,0,0,0,0,0,0,0,0,0,0,0,0,33,10,0,0,0,0,0,0,0,0,0,0,0,0,52,85,0,0,0,0,0,39,0,12,1,49,0,0,903,0,0,0,0,0,0,0,0,0,0,46,0,3,0,0,7,75,0,1,6,0,0,0,1523,8,6,17,45,0,0
55,3/17/20,21,55,48,38,0,1,65,77,2,0,206,1,70,26,7,86,31,1331,22,1,147,7,2,33,1242,1,1,11,24,319,56,67,15,0,32,10,74,99,8,8,8,3,0,7,180,1,74,7,0,1,0,201,6,87,6,1,42,57,5,3,7,8,26,23,74,11796,4,2,0,1,1,5,2,0,0,10,15,33,0,20,3,0,3,4,16,64,1,3,41,4,61,371,5,46,393,976,47,1,0,0,21,0,58,164,0,1,0,224,1,5,0,311,7640,11,3,18,1,0,9,3,2,1,1,33,9190,7,379,0,6,1,7,0,1,8,48,220,128,164,10780,122,218,326,28565,10,734,33,33,3,6913,2,121,0,48,117,1,7,24,140,0,624,13,36,16,1,0,78,29,7,5,2,37,0,2,0,3,3,1703,0,12,0,0,3,25,1462,15,234,69,0,9,116,182,225,445,435,168,106,7,2,1,105,165,24,64,4,152,72,275,1,62,10720,43,1,1,1189,2696,0,55,1,136,0,1,5,24,47,0,39,0,0,3,0,0,19,22,0,0,0,0,0,0,0,0,0,0,0,0,692,0,0,0,0,0,0,0,0,0,0,0,0,0,0,160,68,0,0,0,0,0,0,0,0,0,16,0,0,0,47,22,0,0,0,0,0,0,0,0,0,0,216,0,0,0,0,146,0,21,0,0,3,0,0,0,0,0,0,10,0,0,0,0,0,0,8,159,30,23,0,0,0,0,0,0,0,0,0,0,18,25,0,0,0,0,0,0,0,0,0,0,0,0,0,196,0,32,0,0,0,0,0,57,217,0,65,0,0,0,60,21,11,0,0,9,0,0,0,0,0,0,0,21,56,0,26,266,23,1706,0,0,0,0,64,3,0,67,0,19,0,0,66,0,0,0,0,112,0,0,0,0,0,0,0,0,0,0,0,0,5,0,23,0,0,0,0,0,0,0,0,0,0,0,0,0,0,0,0,0,0,0,0,47,11,0,0,0,0,0,0,0,0,0,0,0,0,74,110,0,0,0,0,0,51,0,12,2,67,0,0,1075,0,0,0,0,0,0,1,0,0,0,71,0,11,0,0,14,75,0,1,6,2,0,0,1898,29,10,33,50,0,0
56,3/18/20,21,59,62,38,0,1,76,83,3,0,263,1,86,34,10,113,35,1637,22,1,168,11,2,46,1455,2,1,12,36,370,68,92,20,0,34,10,97,182,9,15,11,3,0,12,216,1,94,8,0,1,0,238,6,91,6,1,42,57,3,2,7,8,23,23,89,10873,4,2,0,1,1,3,5,0,0,9,15,35,0,15,3,0,3,4,16,92,1,4,50,5,77,387,7,49,461,1056,58,1,1,0,21,0,111,164,0,4,0,257,1,6,0,326,9031,11,3,27,3,0,12,3,3,1,1,37,12222,7,410,0,6,1,7,0,1,9,56,245,142,216,11972,121,287,422,31688,11,745,51,35,3,6873,2,127,3,70,130,2,28,26,203,0,730,13,36,19,1,3,89,29,7,6,1,48,0,2,0,4,3,2049,0,20,0,0,7,34,1549,27,297,86,0,11,144,197,238,445,448,241,139,8,2,1,115,165,29,82,4,199,105,275,1,116,12829,50,2,1,1278,3013,0,78,3,170,0,1,7,29,98,0,46,0,0,6,0,0,27,33,0,0,0,0,0,0,0,0,0,0,0,0,751,0,0,0,0,0,0,0,0,0,0,0,0,0,0,184,68,0,0,0,0,0,0,0,0,0,19,0,0,0,47,31,0,0,0,0,0,0,0,0,0,0,314,0,0,0,0,199,0,21,0,0,5,0,0,0,0,0,0,14,0,0,0,0,0,0,9,162,39,29,0,0,0,0,0,0,0,0,0,0,18,27,0,0,0,0,0,0,0,0,0,0,0,0,0,257,0,42,0,0,0,0,0,85,218,0,83,0,0,0,77,34,18,0,0,11,0,0,0,0,0,0,0,24,55,0,26,267,23,2495,0,0,0,0,70,6,0,86,0,19,0,0,68,0,0,0,0,152,0,0,0,0,0,0,0,0,0,0,0,0,5,0,33,0,0,0,0,0,0,0,0,0,0,0,0,0,0,0,0,0,0,0,0,47,11,0,0,0,0,0,0,0,0,0,0,0,0,79,173,0,0,0,0,0,51,0,18,2,77,0,0,1014,0,0,0,0,0,0,1,0,0,0,92,0,15,0,0,14,87,0,1,6,6,0,1,2561,50,15,36,59,2,0
57,3/19/20,21,64,55,52,0,1,94,114,4,0,303,1,136,39,7,113,52,2004,38,3,178,14,5,46,1764,2,1,12,61,619,75,94,33,0,36,13,119,227,9,17,11,3,0,14,252,2,121,16,0,1,1,238,6,100,6,1,43,60,3,2,7,8,23,23,113,10118,4,1,0,1,1,3,7,0,0,9,14,37,0,4,4,0,3,4,16,101,3,14,69,8,100,387,11,67,691,1150,72,2,1,0,34,0,199,224,1,6,0,266,1,6,1,390,10859,11,6,33,3,2,14,3,4,1,1,39,15207,11,410,0,9,1,7,0,1,12,71,325,179,300,12697,149,552,666,36595,13,774,68,44,7,7025,2,130,3,85,153,2,28,35,335,0,825,13,51,23,2,3,114,48,7,6,3,62,0,3,0,4,3,2458,0,28,1,0,7,47,1745,36,441,109,0,11,233,209,354,782,456,252,190,8,2,1,115,268,29,102,6,231,123,286,1,150,16856,57,2,1,1423,4060,0,82,6,230,0,1,9,39,192,0,78,0,0,9,0,0,45,62,0,0,0,0,0,0,0,0,0,0,0,0,952,0,0,0,0,0,0,0,0,0,0,0,0,0,0,277,159,0,0,0,0,0,0,0,0,0,30,0,0,0,47,40,0,0,0,0,0,0,0,0,0,0,417,0,0,0,0,287,0,22,0,0,12,0,0,0,0,0,0,16,0,0,0,0,0,0,11,422,60,44,0,0,0,0,0,0,0,0,0,0,34,37,0,0,0,0,0,0,0,0,0,0,0,0,0,392,0,52,0,0,0,0,0,107,328,0,334,0,0,0,89,50,31,0,0,11,0,0,0,0,0,0,0,29,95,0,44,742,35,5365,0,0,0,0,123,18,0,119,0,44,0,0,88,0,0,0,0,206,0,0,0,0,0,0,0,0,0,0,0,0,5,0,44,0,0,0,0,0,0,0,0,0,0,0,0,0,0,0,0,0,0,0,0,81,11,0,0,0,0,0,0,0,0,0,0,0,0,154,260,0,0,0,0,0,80,0,22,3,99,0,0,1376,0,0,0,0,0,0,2,0,0,0,159,0,18,0,0,16,109,2,3,11,8,0,1,2624,79,23,42,69,2,0
58,3/20/20,23,70,58,74,1,1,125,135,6,0,349,3,176,47,7,113,64,2379,38,3,185,17,5,64,2256,2,2,15,87,791,77,127,40,1,50,20,146,267,10,17,11,4,0,15,303,2,139,20,0,3,1,428,6,101,6,4,36,72,4,2,7,8,21,23,158,9418,4,1,0,1,1,4,7,0,0,10,14,45,0,5,4,0,3,4,15,127,3,18,89,8,123,387,16,67,829,1254,80,2,1,0,72,0,367,246,1,6,0,282,1,9,1,440,12600,15,11,45,6,2,28,3,4,3,1,42,19668,16,476,0,12,1,7,2,1,24,83,404,224,354,12899,159,678,691,42581,14,772,84,49,7,7112,2,141,6,110,159,2,28,48,484,3,943,13,62,32,2,12,160,65,11,6,14,76,0,3,0,5,3,2992,1,39,1,1,11,66,1913,36,488,137,1,13,233,222,424,1015,460,283,244,17,2,1,140,336,36,134,7,261,137,341,1,202,18822,70,2,4,1623,5279,0,109,6,280,0,8,9,54,359,0,83,0,0,12,0,0,78,96,0,0,0,0,0,0,0,0,0,0,0,0,1177,0,0,0,0,0,0,0,0,0,0,0,0,0,0,363,194,0,0,0,0,0,0,0,0,0,38,0,0,0,49,71,0,0,0,0,0,0,0,0,0,0,563,0,0,0,0,420,0,23,0,0,14,0,0,0,0,0,0,26,0,0,0,0,0,0,23,585,86,45,0,0,0,0,0,0,0,0,0,0,44,47,0,0,0,0,0,0,0,0,0,0,0,0,0,538,0,56,0,0,0,0,0,149,413,0,552,0,0,0,115,80,53,0,0,15,0,0,0,0,0,0,0,37,114,0,44,890,43,8310,0,0,0,0,172,19,0,173,0,49,0,0,114,0,0,0,0,303,0,0,0,0,0,0,0,0,0,0,0,0,14,0,54,0,0,0,0,0,0,0,0,0,0,0,0,0,0,0,0,0,0,0,0,126,14,0,0,0,0,0,0,0,0,0,0,0,0,233,394,0,0,0,0,0,78,0,29,3,122,0,0,1524,0,0,0,0,0,0,7,0,0,0,207,0,19,0,0,29,109,2,3,14,8,1,1,3918,94,33,42,75,2,1
59,3/21/20,23,74,107,87,2,1,155,159,9,0,432,3,213,64,13,221,90,2805,42,4,180,22,6,61,2552,2,2,19,91,1019,81,160,59,3,52,27,195,420,10,18,17,6,1,21,371,2,181,26,1,3,1,531,6,108,6,8,21,75,4,2,7,8,21,23,175,8854,4,1,0,1,1,4,8,0,0,9,15,53,0,6,4,0,3,4,17,195,3,23,115,13,201,387,21,84,989,1325,92,2,1,0,112,1,503,253,3,6,1,305,1,9,1,513,14270,18,15,53,7,4,45,3,4,4,1,48,21980,19,511,0,17,2,7,2,1,24,96,451,307,435,12975,163,780,847,47506,14,775,84,53,7,7259,2,149,14,123,183,3,37,82,670,3,1069,13,71,32,2,14,199,79,11,10,14,93,0,3,0,5,3,3629,1,52,2,1,21,84,2117,40,717,200,1,18,317,294,535,1275,454,315,294,17,2,1,140,376,42,170,7,292,178,383,1,240,23249,76,2,4,1747,6560,0,125,6,369,0,15,48,60,670,0,131,0,0,15,0,0,118,122,0,0,0,0,0,0,0,0,0,0,0,0,1364,0,0,0,0,0,0,0,0,0,0,0,0,0,0,390,194,0,0,0,0,0,0,0,0,0,45,0,0,0,49,77,0,0,0,0,0,0,0,0,0,0,659,0,0,0,0,507,0,23,0,0,15,0,0,0,0,0,0,37,0,0,0,0,0,0,36,753,128,68,0,0,0,0,0,0,0,0,0,0,57,87,0,0,0,0,0,0,0,0,0,0,0,0,0,585,0,70,0,0,0,0,0,193,525,0,788,0,0,0,138,140,74,0,0,21,0,0,0,0,0,0,0,38,161,0,55,1327,43,11710,0,0,0,0,253,28,0,248,0,53,0,0,114,0,0,0,0,396,0,0,0,0,0,0,0,0,0,0,0,0,21,0,66,0,0,0,0,0,0,0,0,0,0,0,0,0,0,0,0,0,0,0,0,171,14,0,0,0,0,0,0,0,0,0,0,0,0,371,581,0,0,0,0,0,136,0,29,3,156,0,0,1793,0,0,0,0,0,0,8,0,0,0,282,0,23,0,1,46,115,2,3,32,8,1,1,4953,110,43,70,77,2,3
60,3/22/20,39,87,136,112,2,1,222,192,19,0,529,3,213,97,19,226,120,3235,55,4,183,24,14,61,3138,2,2,24,124,1591,86,184,70,3,83,40,259,420,13,19,17,6,1,28,419,2,219,52,1,3,1,624,6,114,7,12,22,78,4,2,7,9,18,23,217,8367,4,1,2,2,1,2,10,0,0,9,16,66,0,7,4,0,3,4,18,228,3,30,132,13,249,387,35,92,1114,1394,115,4,1,1,202,1,786,271,3,6,1,324,4,7,2,616,13818,12,15,56,11,4,47,3,4,5,1,51,24607,24,605,1,19,2,7,2,1,26,115,532,369,485,13707,176,901,1034,52114,14,851,111,60,15,5988,2,161,14,138,240,3,37,130,792,3,1167,13,88,37,2,18,247,93,22,10,21,112,1,3,1,8,3,4202,1,66,2,2,28,113,2382,38,771,245,1,22,362,363,633,1595,461,369,351,19,2,1,156,495,62,221,7,311,178,414,1,274,26193,79,2,5,1918,7114,1,141,12,555,1,15,49,74,1236,0,138,0,0,21,0,0,152,165,0,0,0,0,0,0,0,0,0,0,0,0,1642,0,0,0,0,0,0,0,0,0,0,0,0,0,0,476,223,0,0,0,0,0,0,0,0,0,47,0,0,0,49,102,0,0,0,0,0,0,0,0,0,0,830,0,0,0,0,600,0,30,0,0,27,0,0,0,0,0,0,48,0,0,0,0,0,0,42,1049,201,90,0,0,0,0,0,0,0,0,0,0,64,99,0,0,0,0,0,0,0,0,0,0,0,0,0,837,0,89,0,0,0,0,0,244,646,0,1037,0,0,0,169,207,100,0,0,31,0,0,0,0,0,0,0,51,190,0,65,1914,57,15793,0,0,0,0,302,28,0,355,0,67,0,0,161,0,0,0,0,509,0,0,0,0,0,0,0,0,0,0,0,0,23,0,83,0,0,0,0,0,0,0,0,0,0,0,0,0,0,0,0,0,0,0,0,196,21,0,0,0,0,0,0,0,0,0,0,0,0,505,627,0,0,0,0,0,181,0,52,3,221,0,0,1996,0,0,0,0,0,0,12,0,0,0,381,0,24,0,1,72,115,2,3,32,13,5,1,5618,135,43,55,96,3,3
