,China Hubei,Italy,Spain,Germany,Iran,France France,US New York,"Korea, South",Switzerland,United Kingdom United Kingdom,Netherlands Netherlands,Belgium,Austria,Norway,US Washington,Sweden,US New Jersey,US California,Portugal,Brazil,China Guangdong,Denmark Denmark,Malaysia,China Henan,China Zhejiang,Turkey,Czechia,Japan,Israel,US Illinois,US Michigan,China Hunan,China Anhui,China Jiangxi,Ireland,US Louisiana,US Florida,Luxembourg,Ecuador,Pakistan,China Shandong,Cruise Ship Diamond Princess,US Massachusetts,Poland,China Jiangsu,Chile,US Texas,Finland,Greece,US Georgia,Thailand,China Chongqing,Iceland,China Sichuan,Australia New South Wales,China Beijing,Indonesia,Saudi Arabia,US Pennsylvania,US Tennessee,Qatar,China Heilongjiang,US Colorado,Singapore,Romania,Canada Ontario,Canada British Columbia,Slovenia,India,China Shanghai,US Wisconsin,Philippines,Russia,Peru,US Ohio,Bahrain,Egypt,Estonia,China Hebei,China Hong Kong,China Fujian,US North Carolina,Australia Victoria,South Africa,Canada Alberta,Croatia,China Guangxi,Mexico,Lebanon,China Shaanxi,Panama,US Maryland,Iraq,Colombia,Argentina,US Connecticut,Serbia,Australia Queensland,US Virginia,Canada Quebec,US Mississippi,Dominican Republic,Algeria,US Indiana,US South Carolina,Armenia,US Nevada,Kuwait,Bulgaria,Slovakia,US Utah,China Yunnan,US Minnesota,Taiwan*,China Hainan,US Arkansas,US Oregon,San Marino,United Arab Emirates,US Arizona,China Guizhou,Latvia,US Alabama,China Tianjin,China Gansu,Uruguay,Costa Rica,China Shanxi,Hungary,Lithuania,China Liaoning,Bosnia and Herzegovina,Australia Western Australia,Morocco,Denmark Faroe Islands,North Macedonia,Andorra,Vietnam,Jordan,US District of Columbia,Australia South Australia,US Missouri,US Kentucky,Cyprus,Moldova,China Jilin,US Iowa,Malta,US Maine,Albania,Brunei,Cambodia,US Rhode Island,Sri Lanka,Belarus,China Xinjiang,Burkina Faso,Tunisia,China Ningxia,China Inner Mongolia,Ukraine,Venezuela,Senegal,US Oklahoma,New Zealand,US New Hampshire,Azerbaijan,US Kansas,Kazakhstan,US New Mexico,France Guadeloupe,Oman,Georgia,US Vermont,Canada Saskatchewan,US Nebraska,Trinidad and Tobago,US Diamond Princess,US Hawaii,France Reunion,US Delaware,Uzbekistan,US Idaho,Afghanistan,Cameroon,Martinique,Liechtenstein,Cuba,United Kingdom Channel Islands,US Montana,Nigeria,Congo (Kinshasa),US Grand Princess,Canada Nova Scotia,US North Dakota,Bangladesh,US Guam,Honduras,Ghana,US Wyoming,Bolivia,US Puerto Rico,Monaco,Paraguay,Australia Tasmania,Montenegro,US South Dakota,US Alaska,China Macau,Canada Manitoba,Rwanda,Guatemala,Australia Australian Capital Territory,France French Guiana,Mauritius,China Qinghai,Canada New Brunswick,Togo,Jamaica,Kenya,United Kingdom Gibraltar,France French Polynesia,Cote d'Ivoire,Kyrgyzstan,Barbados,Maldives,Canada Grand Princess,Tanzania,US West Virginia,Ethiopia,France Mayotte,Mongolia,Netherlands Aruba,Seychelles,Guyana,Equatorial Guinea,Canada Newfoundland and Labrador,United Kingdom Isle of Man,Gabon,Suriname,Denmark Greenland,France New Caledonia,"Bahamas, The",Eswatini,France St Martin,France Saint Barthelemy,Zimbabwe,Madagascar,Cabo Verde,Australia Northern Territory,Central African Republic,Congo (Brazzaville),Namibia,Zambia,El Salvador,United Kingdom Cayman Islands,US Virgin Islands,Netherlands Curacao,Liberia,Nicaragua,Saint Lucia,Sudan,United Kingdom Bermuda,Nepal,Niger,Mauritania,Bhutan,Angola,Haiti,Kosovo,Benin,Canada Prince Edward Island,Fiji,Guinea,Uganda,"Gambia, The",Syria,United Kingdom Montserrat,Grenada,Dominica,Chad,Eritrea,Antigua and Barbuda,Mozambique,Cape Verde,Canada Northwest Territories,Papua New Guinea,Somalia,Netherlands Sint Maarten,Saint Vincent and the Grenadines,Djibouti,East Timor,Timor-Leste,Holy See,China Tibet,"US Jackson County, OR ","US Manatee County, FL","US Volusia County, FL","US Ulster County, NY","US Suffolk County, NY","US St. Louis County, MO","US Shelby County, TN","US Riverside County, CA","US Polk County, GA","US Okaloosa County, FL","US Marion County, OR","US Johnson County, KS","US Kittitas County, WA","US Rockingham County, NH","US Hudson County, NJ","US Hendricks County, IN","US Harford County, MD","US Fresno County, CA","US Douglas County, OR","US Davidson County, TN","US Berkshire County, MA","US Johnson County, IA","US Fairfax County, VA","US Montgomery County, PA","US Washington, D.C.","US El Paso County, CO","US Davison, SD","US Minnehaha, SD","US Bon Homme, SD","US Socorro, NM","US Bernalillo, NM","US Oakland, MI","US Wayne, MI","US New Castle, DE","US Honolulu County, HI","US Davis County, UT","US Spartanburg County, SC","US Cobb County, GA","US Clark County, WA","US Charleston County, SC","US Saratoga County, NY","US Rockland County, NY","US Pinal County, AZ","US Lee County, FL","US Broward County, FL","US Alameda County, CA","US Harrison County, KY","US Jefferson Parish, LA","US Shasta County, CA","US Fayette, GA","US Arapahoe, CO","US Larimer, CO","US Eagle, CO","US Union, NJ","US Passaic, NJ","US Camden, NJ","US Burlington, NJ","US Monmouth, NJ","US Gregg, TX","US Floyd, GA","US Kane, IL","US DeKalb, GA","US Gwinnett, GA","US Worcester, MA","US Ventura, CA","US Napa, CA","US Santa Cruz, CA","US Solano, CA","US Kitsap, WA",Australia From Diamond Princess,"US Gunnison, CO","US Monroe, PA","US Jefferson County, WA","US Boone, IN","US Jefferson County, KY","US Collin County, TX","US Cherokee County, GA","US Charlotte County, FL","US Carver County, MN","US Bennington County, VT","US Weber, UT","US Cuyahoga, OH","US Pierce, WI","US Adams, IN","US Philadelphia, PA","US Noble, IN","US Pima, AZ","US Camden, NC","US Pottawattamie, IA","US Prince George's, MD","US Loudoun, VA","US Spotsylvania, VA","US Arlington, VA","US Norfolk, VA","US Charles Mix, SD","US Beadle, SD","US Pennington, SD","US Orleans, LA","US New York County, NY","US Montgomery County, MD","US Suffolk County, MA","US Denver County, CO","US Summit County, CO","US Bergen County, NJ","US Harris County, TX","US San Francisco County, CA","US Contra Costa County, CA","US Orange County, CA","US Norfolk County, MA","US Maricopa County, AZ","US Wake County, NC","US Westchester County, NY","US Grafton County, NH","US Hillsborough, FL","US Placer County, CA","US San Mateo, CA","US Sonoma County, CA","US Umatilla, OR","US Fulton County, GA","US Williamson County, TN","US Santa Rosa County, FL","US Grant County, WA","US Douglas County, NE","US Kershaw County, SC","US Klamath County, OR","US Madera County, CA","US Pierce County, WA","US Tulsa County, OK","US Douglas County, CO","US Providence County, RI","US Chatham County, NC","US Delaware County, PA","US Fayette County, KY","US Fort Bend County, TX","US Marion County, IN","US Middlesex County, MA","US Nassau County, NY","US Ramsey County, MN","US Washoe County, NV","US Wayne County, PA","US Yolo County, CA","US Santa Clara County, CA","US Clark County, NV","US Washington County, OR","US Snohomish County, WA","US Humboldt County, CA","US Sullivan, TN","US Jefferson, CO","US Multnomah, OR","US Polk, OR","US Deschutes, OR","US McHenry, IL","US Lake, IL","US Bucks, PA","US Hanover, VA","US Lancaster, SC","US Johnson, IN","US Montgomery, TX","US Howard, IN","US St. Joseph, IN","US Knox, NE","US Stark, OH","US Anoka, MN","US Olmsted, MN","US Summit, UT","US Fairfield, CT","US Litchfield, CT","US Middlesex, NJ","US Tarrant, TX","US Sacramento County, CA","US Marin, CA","US San Diego County, CA","US San Benito, CA","US Los Angeles, CA","US King County, WA","US Cook County, IL","US Skagit, WA","US Thurston, WA","US Island, WA","US Whatcom, WA","US Calaveras, CA","US Dallas, TX","US Stanislaus, CA","US San Joaquin, CA","US Essex, MA","US Charlton, GA","US Collier, FL","US Pinellas, FL","US Alachua, FL","US Nassau, FL","US Pasco, FL","US Dane, WI"
0,444,0,0,0,0,0,0,1,0,0,0,0,0,0,0,0,0,0,0,0,26,0,0,5,10,0,0,2,0,0,0,4,1,2,0,0,0,0,0,0,2,0,0,0,1,0,0,0,0,0,2,6,0,5,0,14,0,0,0,0,0,0,0,0,0,0,0,0,0,9,0,0,0,0,0,0,0,0,1,0,1,0,0,0,0,0,2,0,0,0,0,0,0,0,0,0,0,0,0,0,0,0,0,0,0,0,0,0,0,0,0,1,0,1,4,0,0,0,0,0,1,0,0,4,0,0,0,1,0,0,2,0,0,0,0,0,0,0,0,0,0,0,0,0,0,0,0,0,0,0,0,0,0,0,0,0,0,0,1,0,0,0,0,0,0,0,0,0,0,0,0,0,0,0,0,0,0,0,0,0,0,0,0,0,0,0,0,0,0,0,0,0,0,0,0,0,0,0,0,0,0,0,0,0,0,0,0,0,1,0,0,0,0,0,0,0,0,0,0,0,0,0,0,0,0,0,0,0,0,0,0,0,0,0,0,0,0,0,0,0,0,0,0,0,0,0,0,0,0,0,0,0,0,0,0,0,0,0,0,0,0,0,0,0,0,0,0,0,0,0,0,0,0,0,0,0,0,0,0,0,0,0,0,0,0,0,0,0,0,0,0,0,0,0,0,0,0,0,0,0,0,0,0,0,0,0,0,0,0,0,0,0,0,0,0,0,0,0,0,0,0,0,0,0,0,0,0,0,0,0,0,0,0,0,0,0,0,0,0,0,0,0,0,0,0,0,0,0,0,0,0,0,0,0,0,0,0,0,0,0,0,0,0,0,0,0,0,0,0,0,0,0,0,0,0,0,0,0,0,0,0,0,0,0,0,0,0,0,0,0,0,0,0,0,0,0,0,0,0,0,0,0,0,0,0,0,0,0,0,0,0,0,0,0,0,0,0,0,0,0,0,0,0,0,0,0,0,0,0,0,0,0,0,0,0,0,0,0,0,0,0,0,0,0,0,0,0,0,0,0,0,0,0,0,0,0,0,0,0,0,0,0,0,0,0,0,0,0,0,1,0,0,0,0,0,0,0,0,0,0,0,0,0,0,0,0,0
1,444,0,0,0,0,0,0,1,0,0,0,0,0,0,0,0,0,0,0,0,32,0,0,5,27,0,0,1,0,0,0,9,9,7,0,0,0,0,0,0,6,0,0,0,5,0,0,0,0,0,3,9,0,8,0,22,0,0,0,0,0,2,0,1,0,0,0,0,0,16,0,0,0,0,0,0,0,0,1,2,5,0,0,0,0,0,5,0,0,3,0,0,0,0,0,0,0,0,0,0,0,0,0,0,0,0,0,0,0,0,0,2,0,1,5,0,0,0,0,0,3,0,0,4,2,0,0,1,0,0,3,0,0,0,0,0,0,2,0,0,0,0,0,0,0,1,0,0,0,0,0,0,0,0,0,2,0,0,1,0,0,0,0,0,0,0,0,0,0,0,0,0,0,0,0,0,0,0,0,0,0,0,0,0,0,0,0,0,0,0,0,0,0,0,0,0,0,0,0,0,0,0,0,0,0,0,0,0,2,0,0,0,0,0,0,0,0,0,0,0,0,0,0,0,0,0,0,0,0,0,0,0,0,0,0,0,0,0,0,0,0,0,0,0,0,0,0,0,0,0,0,0,0,0,0,0,0,0,0,0,0,0,0,0,0,0,0,0,0,0,0,0,0,0,0,0,0,0,0,0,0,0,0,0,0,0,0,0,0,0,0,0,0,0,0,0,0,0,0,0,0,0,0,0,0,0,0,0,0,0,0,0,0,0,0,0,0,0,0,0,0,0,0,0,0,0,0,0,0,0,0,0,0,0,0,0,0,0,0,0,0,0,0,0,0,0,0,0,0,0,0,0,0,0,0,0,0,0,0,0,0,0,0,0,0,0,0,0,0,0,0,0,0,0,0,0,0,0,0,0,0,0,0,0,0,0,0,0,0,0,0,0,0,0,0,0,0,0,0,0,0,0,0,0,0,0,0,0,0,0,0,0,0,0,0,0,0,0,0,0,0,0,0,0,0,0,0,0,0,0,0,0,0,0,0,0,0,0,0,0,0,0,0,0,0,0,0,0,0,0,0,0,0,0,0,0,0,0,0,0,0,0,0,0,0,0,0,0,0,1,0,0,0,0,0,0,0,0,0,0,0,0,0,0,0,0,0
2,549,0,0,0,0,2,0,2,0,0,0,0,0,0,0,0,0,0,0,0,53,0,0,9,43,0,0,2,0,0,0,24,15,18,0,0,0,0,0,0,15,0,0,0,9,0,0,0,0,0,5,27,0,15,0,36,0,0,0,0,0,4,0,3,0,0,0,0,0,20,0,0,0,0,0,0,0,0,2,2,10,0,0,0,0,0,23,0,0,5,0,0,0,0,0,0,0,0,0,0,0,0,0,0,0,0,0,0,0,0,0,5,0,3,8,0,0,0,0,0,3,0,0,8,2,0,0,1,0,0,4,0,0,0,0,0,0,2,0,0,0,0,0,0,0,3,0,0,0,0,0,0,0,0,0,2,0,0,2,1,0,0,0,0,0,0,0,0,0,0,0,0,0,0,0,0,0,0,0,0,0,0,0,0,0,0,0,0,0,0,0,0,0,0,0,0,0,0,0,0,0,0,0,0,0,0,0,0,2,0,0,0,0,0,0,0,0,0,0,0,0,0,0,0,0,0,0,0,0,0,0,0,0,0,0,0,0,0,0,0,0,0,0,0,0,0,0,0,0,0,0,0,0,0,0,0,0,0,0,0,0,0,0,0,0,0,0,0,0,0,0,0,0,0,0,0,0,0,0,0,0,0,0,0,0,0,0,0,0,0,0,0,0,0,0,0,0,0,0,0,0,0,0,0,0,0,0,0,0,0,0,0,0,0,0,0,0,0,0,0,0,0,0,0,0,0,0,0,0,0,0,0,0,0,0,0,0,0,0,0,0,0,0,0,0,0,0,0,0,0,0,0,0,0,0,0,0,0,0,0,0,0,0,0,0,0,0,0,0,0,0,0,0,0,0,0,0,0,0,0,0,0,0,0,0,0,0,0,0,0,0,0,0,0,0,0,0,0,0,0,0,0,0,0,0,0,0,0,0,0,0,0,0,0,0,0,0,0,0,0,0,0,0,0,0,0,0,0,0,0,0,0,0,0,0,0,0,0,0,0,0,0,0,0,0,0,0,0,0,0,0,0,0,0,0,0,0,0,0,0,0,0,0,0,0,0,0,0,0,1,1,0,0,0,0,0,0,0,0,0,0,0,0,0,0,0,0
3,761,0,0,0,0,3,0,2,0,0,0,0,0,0,0,0,0,0,0,0,78,0,3,32,62,0,0,2,0,0,0,43,39,18,0,0,0,0,0,0,27,0,0,0,18,0,0,0,0,0,7,57,0,28,0,41,0,0,0,0,0,9,0,3,0,0,0,0,0,33,0,0,0,0,0,0,0,0,8,5,18,0,0,0,0,0,23,0,0,15,0,0,0,0,0,0,0,0,0,0,0,0,0,0,0,0,0,0,0,0,0,11,0,3,19,0,0,0,0,0,4,0,0,10,4,0,0,6,0,0,17,0,0,0,0,0,0,2,0,0,0,0,0,0,0,4,0,0,0,0,0,0,0,0,0,3,0,0,3,7,0,0,0,0,0,0,0,0,0,0,0,0,0,0,0,0,0,0,0,0,0,0,0,0,0,0,0,0,0,0,0,0,0,0,0,0,0,0,0,0,0,0,0,0,0,0,0,0,2,0,0,0,0,0,0,1,0,0,0,0,0,0,0,0,0,0,0,0,0,0,0,0,0,0,0,0,0,0,0,0,0,0,0,0,0,0,0,0,0,0,0,0,0,0,0,0,0,0,0,0,0,0,0,1,0,0,0,0,0,0,0,0,0,0,0,0,0,0,0,0,0,0,0,0,0,0,0,0,0,0,0,0,0,0,0,0,0,0,0,0,0,0,0,0,0,0,0,0,0,0,0,0,0,0,0,0,0,0,0,0,0,0,0,0,0,0,0,0,0,0,0,0,0,0,0,0,0,0,0,0,0,0,0,0,0,0,0,0,0,0,0,0,0,0,0,0,0,0,0,0,0,0,0,0,0,0,0,0,0,0,0,0,0,0,0,0,0,0,0,0,0,0,0,0,0,0,0,0,0,0,0,0,0,0,0,0,0,0,0,0,0,0,0,0,0,0,0,0,0,0,0,0,0,0,0,0,0,0,0,0,0,0,0,0,0,0,0,0,0,0,0,0,0,0,0,0,0,0,0,0,0,0,0,0,0,0,0,0,0,0,0,0,0,0,0,0,0,0,0,0,0,0,0,0,0,0,0,0,0,1,1,0,0,0,0,0,0,0,0,0,0,0,0,0,0,0,0
4,1058,0,0,0,0,3,0,3,0,0,0,0,0,0,0,0,0,0,0,0,111,0,4,83,104,0,0,4,0,0,0,69,60,36,0,0,0,0,0,0,46,0,0,0,33,0,0,0,0,0,8,75,0,44,3,68,0,0,0,0,0,15,0,4,0,1,0,0,0,40,0,0,0,0,0,0,0,0,13,8,35,0,1,0,0,0,36,0,0,22,0,0,0,0,0,0,0,0,0,0,0,0,0,0,0,0,0,0,0,0,0,16,0,4,22,0,0,0,0,0,5,0,0,14,7,0,0,9,0,0,21,0,0,0,0,0,0,2,0,0,0,0,0,0,0,4,0,0,0,0,0,0,0,0,0,4,0,0,4,7,0,0,0,0,0,0,0,0,0,0,0,0,0,0,0,0,0,0,0,0,0,0,0,0,0,0,0,0,0,0,0,0,0,0,0,0,0,0,0,0,0,0,0,0,0,0,0,0,5,0,0,0,0,0,0,1,0,0,0,0,0,0,0,0,0,0,0,0,0,0,0,0,0,0,0,0,0,0,0,0,0,0,0,0,0,0,0,0,0,0,0,0,0,0,0,0,0,0,0,0,0,0,0,1,0,0,0,0,0,0,0,0,0,0,0,0,0,0,0,0,0,0,0,0,0,0,0,0,0,0,0,0,0,0,0,0,0,0,0,0,0,0,0,0,0,0,0,0,0,0,0,0,0,0,0,0,0,0,0,0,0,0,0,0,0,0,0,0,0,0,0,0,0,0,0,0,0,0,0,0,0,0,0,0,0,0,0,0,0,0,0,0,0,0,0,0,0,0,0,0,0,0,0,0,0,0,0,0,0,0,0,0,0,0,0,0,0,0,0,0,0,0,0,0,0,0,0,0,0,0,0,0,0,0,0,0,0,0,0,0,0,0,1,0,1,0,0,0,0,0,0,0,0,0,0,0,0,0,0,0,0,0,0,0,0,0,0,0,0,0,0,0,0,0,0,0,0,0,0,0,0,0,0,0,0,0,0,0,0,0,0,0,0,0,0,0,0,0,0,0,0,0,0,0,0,0,0,0,1,1,1,0,0,0,0,0,0,0,0,0,0,0,0,0,0,0,0
5,1423,0,0,1,0,3,0,4,0,0,0,0,0,0,0,0,0,0,0,0,151,0,4,128,128,0,0,4,0,0,0,100,70,72,0,0,0,0,0,0,75,0,0,0,47,0,0,0,0,0,8,110,0,69,4,80,0,0,0,0,0,21,0,5,0,1,0,0,0,53,0,0,0,0,0,0,0,0,18,8,59,0,1,0,0,0,46,0,0,35,0,0,0,0,0,0,0,0,0,0,0,0,0,0,0,0,0,0,0,0,0,26,0,5,33,0,0,0,0,0,7,0,0,23,14,0,0,13,0,0,27,0,0,0,0,0,0,2,0,0,0,0,0,0,0,6,0,0,0,0,0,1,0,1,0,5,0,0,7,11,0,0,0,0,0,0,0,0,0,0,0,0,0,0,0,0,0,0,0,0,0,0,0,0,0,0,0,0,0,0,0,0,0,0,0,0,0,0,0,0,0,0,0,0,0,0,0,0,6,0,0,0,0,0,0,6,0,0,0,0,0,0,0,0,0,0,0,0,0,0,0,0,0,0,0,0,0,0,0,0,0,0,0,0,0,0,0,0,0,0,0,0,0,0,0,0,0,0,0,0,0,0,0,1,0,0,0,0,0,0,0,0,0,0,0,0,0,0,0,0,0,0,0,0,0,0,0,0,0,0,0,0,0,0,0,0,0,0,0,0,0,0,0,0,0,0,0,0,0,0,0,0,0,0,0,0,0,0,0,0,0,0,0,0,0,0,0,0,0,0,0,0,0,0,0,0,0,0,0,0,0,0,0,0,0,0,0,0,0,0,0,0,0,0,0,0,0,0,0,0,0,0,0,0,0,0,0,0,0,0,0,0,0,0,0,0,0,0,0,0,0,0,0,0,0,0,0,0,0,0,0,0,0,0,0,0,0,0,0,0,0,0,1,0,1,0,0,0,0,0,0,0,0,0,0,0,0,0,0,0,0,0,0,0,0,0,0,0,0,0,0,0,0,0,0,0,0,0,0,0,0,0,0,0,0,0,0,0,0,0,0,0,0,0,0,0,0,0,0,0,0,0,0,0,0,0,0,0,1,1,1,0,0,0,0,0,0,0,0,0,0,0,0,0,0,0,0
6,3554,0,0,4,0,4,0,4,0,0,0,0,0,0,0,0,0,0,0,0,207,0,4,168,173,0,0,7,0,0,0,143,106,109,0,0,0,0,0,0,95,0,0,0,70,0,0,0,0,0,14,132,0,90,4,91,0,0,0,0,0,33,0,7,0,1,1,0,0,66,0,0,0,0,0,0,0,0,33,8,80,0,1,0,0,0,51,0,0,46,0,0,0,0,0,0,0,0,0,0,0,0,0,0,0,0,0,0,0,0,0,44,0,8,40,0,0,0,0,0,9,0,0,24,19,0,0,27,0,0,34,0,0,0,0,0,0,2,0,0,0,0,0,0,0,8,0,0,0,0,0,1,0,1,0,10,0,0,11,15,0,0,0,0,0,0,0,0,0,0,0,0,0,0,0,0,0,0,0,0,0,0,0,0,0,0,0,0,0,0,0,0,0,0,0,0,0,0,0,0,0,0,0,0,0,0,0,0,7,0,0,0,0,0,0,6,0,0,0,0,0,0,0,0,0,0,0,0,0,0,0,0,0,0,0,0,0,0,0,0,0,0,0,0,0,0,0,0,0,0,0,0,0,0,0,0,0,0,0,0,0,0,0,1,0,0,0,0,0,0,0,0,0,0,0,0,0,0,0,0,0,0,0,0,0,0,0,0,0,0,0,0,0,0,0,0,0,0,0,0,0,0,0,0,0,0,0,0,0,0,0,0,0,0,0,0,0,0,0,0,0,0,0,0,0,0,0,0,0,0,0,0,0,0,0,0,0,0,0,0,0,0,0,0,0,0,0,0,0,0,0,0,0,0,0,0,0,0,0,0,0,0,0,0,0,0,0,0,0,0,0,0,0,0,0,0,0,0,0,0,0,0,0,0,0,0,0,0,0,0,0,0,0,0,0,0,0,0,0,0,0,0,1,0,1,0,0,0,0,0,0,0,0,0,0,0,0,0,0,0,0,0,0,0,0,0,0,0,0,0,0,0,0,0,0,0,0,0,0,0,0,0,0,0,0,0,0,0,0,0,0,0,0,0,0,0,0,0,0,0,0,0,0,0,0,0,0,0,1,1,1,0,0,0,0,0,0,0,0,0,0,0,0,0,0,0,0
7,3554,0,0,4,0,5,0,4,0,0,0,0,0,0,0,0,0,0,0,0,277,0,7,206,296,0,0,7,0,0,0,221,152,109,0,0,0,0,0,0,130,0,0,0,99,0,0,1,0,0,14,147,0,108,4,111,0,0,0,0,0,38,0,7,0,1,1,0,0,96,0,0,0,0,0,0,0,0,48,10,84,0,1,0,0,0,58,0,0,56,0,0,0,0,0,0,0,1,0,0,0,0,0,0,0,0,0,0,0,0,0,55,0,8,43,0,0,0,4,0,9,0,0,27,24,0,0,27,0,0,39,0,0,0,0,0,0,2,0,0,0,0,0,0,0,9,0,0,0,0,0,1,0,1,0,13,0,0,12,16,0,0,0,0,0,0,0,0,0,0,0,0,0,0,0,0,0,0,0,0,0,0,0,0,0,0,0,0,0,0,0,0,0,0,0,0,0,0,0,0,0,0,0,0,0,0,0,0,7,0,0,0,0,0,0,6,0,0,0,0,0,0,0,0,0,0,0,0,0,0,0,0,0,0,0,0,0,0,0,0,0,0,0,0,0,0,0,0,0,0,0,0,0,0,0,0,0,0,0,0,0,0,0,1,0,0,0,0,0,0,0,0,0,0,0,0,0,0,0,0,0,0,0,0,0,0,0,0,0,0,0,0,0,0,0,0,0,0,0,0,0,0,0,0,0,0,0,0,0,0,0,0,0,0,0,0,0,0,0,0,0,0,0,0,0,0,0,0,0,0,0,0,0,0,0,0,0,0,0,0,0,0,0,0,0,0,0,0,0,0,0,0,0,0,0,0,0,0,0,0,0,0,0,0,0,0,0,0,0,0,0,0,0,0,0,0,0,0,0,0,0,0,0,0,0,0,0,0,0,0,0,0,0,0,0,0,0,0,0,0,0,0,1,0,1,0,0,0,0,0,0,0,0,0,0,0,0,0,0,0,0,0,0,0,0,0,0,0,0,0,0,0,0,0,0,0,0,0,0,0,0,0,0,0,0,0,0,0,0,0,0,0,0,0,0,0,0,0,0,0,0,0,0,0,0,0,0,0,1,1,1,0,0,0,0,0,0,0,0,0,0,0,0,0,0,0,0
8,4903,0,0,4,0,5,0,4,0,0,0,0,0,0,0,0,0,0,0,0,354,0,8,278,428,0,0,11,0,0,0,277,200,162,0,0,0,0,0,0,158,0,0,0,129,0,0,1,0,0,14,182,0,142,4,114,0,0,0,0,0,44,0,10,0,1,1,0,1,112,0,1,0,0,0,0,0,0,65,10,101,0,2,0,0,0,78,0,0,63,0,0,0,0,0,0,0,3,0,0,0,0,0,0,0,0,0,0,0,0,0,70,0,9,46,0,0,0,4,0,12,0,0,31,26,0,0,35,0,0,41,0,0,0,0,0,0,2,0,0,0,0,0,0,0,14,0,0,0,0,0,1,0,1,0,14,0,0,17,19,0,0,0,0,0,0,0,0,0,0,0,0,0,0,0,0,0,0,0,0,0,0,0,0,0,0,0,0,0,0,0,0,0,0,0,0,0,0,0,0,0,0,0,0,0,0,0,0,7,0,0,0,0,0,0,8,0,0,0,0,0,0,0,0,0,0,0,0,0,0,0,0,0,0,0,0,0,0,0,0,0,0,0,0,0,0,0,0,0,0,0,0,0,0,0,0,0,0,0,0,0,0,0,1,0,0,0,0,0,0,0,0,0,0,0,0,0,0,0,0,0,0,0,0,0,0,0,0,0,0,0,0,0,0,1,0,0,0,0,0,0,0,0,0,0,0,0,0,0,0,0,0,0,0,0,0,0,0,0,0,0,0,0,0,0,0,0,0,0,0,0,0,0,0,0,0,0,0,0,0,0,0,0,0,0,0,0,0,0,0,0,0,0,0,0,0,0,0,0,0,0,0,0,0,0,0,0,0,0,0,0,0,0,0,0,0,0,0,0,0,0,0,0,0,0,0,0,0,0,0,0,0,0,0,0,0,0,0,0,0,0,0,1,0,1,0,0,0,0,0,0,0,0,0,0,0,0,0,0,0,0,0,0,0,0,0,0,0,0,0,0,0,0,0,0,0,0,0,0,0,0,0,0,0,0,0,0,0,0,0,0,0,0,0,0,0,0,0,0,0,0,0,0,0,0,0,0,0,1,1,1,0,0,0,0,0,0,0,0,0,0,0,0,0,0,0,0
9,5806,2,0,5,0,5,0,11,0,2,0,0,0,0,0,1,0,0,0,0,436,0,8,352,538,0,0,15,0,0,0,332,237,240,0,0,0,0,0,0,184,0,0,0,168,0,0,1,0,0,19,211,0,177,4,139,0,0,0,0,0,59,0,13,0,3,1,0,1,135,0,1,2,0,0,0,0,0,82,12,120,0,3,0,0,0,87,0,0,87,0,0,0,0,0,0,0,2,0,0,0,0,0,0,0,0,0,0,0,0,0,83,0,10,52,0,0,0,4,0,29,0,0,32,29,0,0,39,0,0,48,0,0,0,0,0,0,2,0,0,0,0,0,0,0,14,0,0,0,0,0,1,0,1,0,17,0,0,21,20,0,0,0,0,0,0,0,0,0,0,0,0,0,0,0,0,0,0,0,0,0,0,0,0,0,0,0,0,0,0,0,0,0,0,0,0,0,0,0,0,0,0,0,0,0,0,0,0,7,0,0,0,0,0,0,8,0,0,0,0,0,0,0,0,0,0,0,0,0,0,0,0,0,0,0,0,0,0,0,0,0,0,0,0,0,0,0,0,0,0,0,0,0,0,0,0,0,0,0,0,0,0,0,1,0,0,0,0,0,0,0,0,0,0,0,0,0,0,0,0,0,0,0,0,0,0,0,0,0,0,0,0,0,0,1,0,0,0,0,0,0,0,0,0,0,0,0,0,0,0,0,0,0,0,0,0,0,0,0,0,0,0,0,0,0,0,0,0,0,0,0,0,0,0,0,0,0,0,0,0,0,0,0,0,0,0,0,0,0,0,0,0,0,0,0,0,0,0,0,0,0,0,0,0,0,0,0,0,0,0,0,0,0,0,0,0,0,0,0,0,0,0,0,0,0,0,0,0,0,0,0,0,0,0,0,0,0,0,0,0,0,0,1,0,1,0,0,0,0,0,0,0,0,0,0,0,0,0,0,0,0,0,0,0,0,0,0,0,0,0,0,0,0,0,0,0,1,0,0,0,0,0,0,0,0,0,0,0,0,0,0,0,0,0,0,0,0,0,0,0,0,0,0,0,0,0,0,0,1,1,2,0,0,0,0,0,0,0,0,0,0,0,0,0,0,0,0
10,7153,2,1,8,0,6,0,12,0,2,0,0,0,0,0,1,0,0,0,0,535,0,8,422,599,0,0,20,0,0,0,389,297,286,0,0,0,0,0,0,206,0,0,0,202,0,0,1,0,0,19,247,0,207,4,168,0,0,0,0,0,80,0,16,0,3,1,0,1,169,0,1,2,0,0,0,0,0,96,13,144,0,4,0,0,0,100,0,0,101,0,0,0,0,0,0,0,3,0,0,0,0,0,0,0,0,0,0,0,0,0,93,0,10,62,0,0,0,4,0,29,0,0,41,40,0,0,47,0,0,64,0,0,0,0,0,0,6,0,0,1,0,0,0,0,17,0,0,0,0,0,1,0,1,0,18,0,0,26,23,0,0,0,0,0,0,0,0,0,0,0,0,0,0,0,0,0,0,0,0,0,0,0,0,0,0,0,0,0,0,0,0,0,0,0,0,0,0,0,0,0,0,0,0,0,0,0,0,7,0,0,0,0,0,0,9,0,0,0,0,0,0,0,0,0,0,0,0,0,0,0,0,0,0,0,0,0,0,0,0,0,0,0,0,0,0,0,0,0,0,0,0,0,0,0,0,0,0,0,0,0,0,0,1,0,0,0,0,0,0,0,0,0,0,0,0,0,0,0,0,0,0,0,0,0,0,0,0,0,0,0,0,0,0,1,0,0,0,0,0,0,0,0,0,0,0,0,0,0,0,0,0,0,0,0,0,0,0,0,0,0,0,0,0,0,0,0,0,0,0,0,0,0,0,0,0,0,0,0,0,0,0,0,0,0,0,0,0,0,0,0,0,0,0,0,0,0,0,0,0,0,0,0,0,0,0,0,0,0,0,0,0,0,0,0,0,0,0,0,0,0,0,0,0,0,0,0,0,0,0,0,0,0,0,0,1,0,0,0,0,0,0,1,0,1,0,0,0,0,0,0,0,0,0,0,0,0,0,0,0,0,0,0,0,0,0,0,0,0,0,0,0,0,0,0,0,1,0,0,0,0,0,0,0,0,0,0,0,0,0,0,0,0,0,0,0,0,0,0,0,0,0,0,0,0,0,0,0,1,1,2,0,0,0,0,0,0,0,0,0,0,0,0,0,0,0,0
11,11177,2,1,10,0,6,0,15,0,2,0,0,0,0,0,1,0,0,0,0,632,0,8,493,661,0,0,20,0,0,0,463,340,333,0,0,0,0,0,0,230,0,0,0,236,0,0,1,0,0,19,300,0,231,4,191,0,0,0,0,0,95,0,18,0,3,1,0,2,182,0,2,2,0,0,0,0,0,104,15,159,0,4,0,0,0,111,0,0,116,0,0,0,0,0,0,0,2,0,0,0,0,0,0,0,0,0,0,0,0,0,105,0,10,64,0,0,0,5,0,38,0,0,48,51,0,0,66,0,0,70,0,0,0,0,0,0,6,0,0,2,0,0,0,0,23,0,0,0,0,0,1,0,1,0,21,0,0,28,27,0,0,0,0,0,0,0,0,0,0,0,0,0,0,0,0,0,0,0,0,0,0,0,0,0,0,0,0,0,0,0,0,0,0,0,0,0,0,0,0,0,0,0,0,0,0,0,0,8,0,0,0,0,0,0,11,0,0,0,0,0,0,0,0,0,0,0,0,0,0,0,0,0,0,0,0,0,0,0,0,0,0,0,0,0,0,0,0,0,0,0,0,0,0,0,0,0,0,0,0,0,0,0,1,0,0,0,0,0,0,0,0,0,0,0,0,0,0,0,0,0,0,0,0,0,0,0,0,0,0,0,0,0,0,1,0,0,0,0,0,0,0,0,0,0,0,0,0,0,0,0,0,0,0,0,0,0,0,0,0,0,0,0,0,0,0,0,0,0,0,0,0,0,0,0,0,0,0,0,0,0,0,0,0,0,0,0,0,0,0,0,0,0,0,0,0,0,0,0,0,0,0,0,0,0,0,0,0,0,0,0,0,0,0,0,0,0,0,0,0,0,0,0,0,0,0,0,0,0,0,0,0,0,0,0,1,0,0,0,0,0,0,1,0,1,0,0,0,0,0,0,0,0,0,0,0,0,0,0,0,0,0,0,0,0,0,0,0,0,0,0,0,0,0,0,0,1,0,0,0,0,0,0,0,0,0,0,0,0,0,0,0,0,0,0,0,0,0,0,0,0,0,0,0,0,0,0,0,1,1,2,0,0,0,0,0,0,0,0,0,0,0,0,0,0,0,0
12,13522,2,1,12,0,6,0,15,0,2,0,0,0,0,0,1,0,0,0,0,725,0,8,566,724,0,0,20,0,0,0,521,408,391,0,0,0,0,0,0,259,0,0,0,271,0,0,1,0,0,19,337,0,254,4,212,0,0,0,0,0,121,0,18,0,3,1,0,3,203,0,2,2,0,0,0,0,0,113,15,179,0,4,0,0,0,127,0,0,128,0,0,0,0,0,0,0,2,0,0,0,0,0,0,0,0,0,0,0,0,0,117,0,10,72,0,0,0,5,0,46,0,0,60,55,0,0,74,0,0,74,0,0,0,0,0,0,8,0,0,2,0,0,0,0,31,0,0,0,0,0,1,0,1,0,24,0,0,31,34,0,0,0,0,0,0,0,0,0,0,0,0,0,0,0,0,0,0,0,0,0,0,0,0,0,0,0,0,0,0,0,0,0,0,0,0,0,0,0,0,0,0,0,0,0,0,0,0,8,0,0,0,0,0,0,13,0,0,0,0,0,0,0,0,0,0,0,0,0,0,0,0,0,0,0,0,0,0,0,0,0,0,0,0,0,0,0,0,0,0,0,0,0,0,0,0,0,0,0,0,0,0,0,1,0,0,0,0,0,0,0,0,0,0,0,0,0,0,0,0,0,0,0,0,0,0,0,0,0,0,0,0,0,0,1,0,0,0,0,0,0,0,0,0,0,0,0,0,0,0,0,0,0,0,0,0,0,0,0,0,0,0,0,0,0,0,0,0,0,0,0,0,0,0,0,0,0,0,0,0,0,0,0,0,0,0,0,0,0,0,0,0,0,0,0,0,0,0,0,0,0,0,0,0,0,0,0,0,0,0,0,0,0,0,0,0,0,0,0,0,0,0,0,0,0,0,0,0,0,0,0,0,0,0,0,1,0,0,0,0,0,0,1,0,1,0,0,0,0,0,0,0,0,0,0,0,0,0,0,0,0,0,0,0,0,0,0,0,0,0,0,0,0,0,0,0,2,0,0,0,0,0,0,0,0,0,0,0,0,0,0,0,0,0,0,0,0,0,0,0,0,0,0,0,0,0,0,2,1,1,2,0,0,0,0,0,0,0,0,0,0,0,0,0,0,0,0
13,16678,2,1,12,0,6,0,16,0,2,0,1,0,0,0,1,0,0,0,0,813,0,10,675,829,0,0,22,0,0,0,593,480,476,0,0,0,0,0,0,275,0,0,0,308,0,0,1,0,0,25,366,0,282,4,228,0,0,0,0,0,155,0,24,0,3,1,0,3,219,0,2,2,0,0,0,0,0,126,17,194,0,4,0,0,0,139,0,0,142,0,0,0,0,0,0,0,3,0,0,0,0,0,0,0,0,0,0,0,0,0,122,0,11,80,0,0,0,5,0,58,0,0,67,57,0,0,81,0,0,81,0,0,0,0,0,0,8,0,0,2,0,0,0,0,42,0,0,0,0,0,1,0,1,0,29,0,0,34,35,0,0,0,0,0,0,0,0,0,0,0,0,0,0,0,0,0,0,0,0,0,0,0,0,0,0,0,0,0,0,0,0,0,0,0,0,0,0,0,0,0,0,0,0,0,0,0,0,10,0,0,0,0,0,0,15,0,0,0,0,0,0,0,0,0,0,0,0,0,0,0,0,0,0,0,0,0,0,0,0,0,0,0,0,0,0,0,0,0,0,0,0,0,0,0,0,0,0,0,0,0,0,0,1,0,0,0,0,0,0,0,0,0,0,0,0,0,0,0,0,0,0,0,0,0,0,0,0,0,0,0,0,0,0,1,0,0,0,0,0,0,0,0,0,0,0,0,0,0,0,0,0,0,0,0,0,0,0,0,0,0,0,0,0,0,0,0,0,0,0,0,0,0,0,0,0,0,0,0,0,0,0,0,0,0,0,0,0,0,0,0,0,0,0,0,0,0,0,0,0,0,0,0,0,0,0,0,0,0,0,0,0,0,0,0,0,0,0,0,0,0,0,0,0,0,0,0,0,0,0,0,0,0,0,0,1,0,0,0,0,0,0,1,0,1,0,0,0,0,0,0,0,0,0,0,0,0,0,0,0,0,0,0,0,0,0,0,0,0,0,0,0,0,0,0,0,2,0,0,0,0,0,0,0,0,0,0,0,0,0,0,0,0,0,0,0,0,0,0,0,0,0,0,0,0,0,0,2,1,1,2,0,0,0,0,0,0,0,0,0,0,0,0,0,0,0,0
14,19665,2,1,12,0,6,0,19,0,2,0,1,0,0,0,1,0,0,0,0,895,0,12,764,895,0,0,22,0,0,0,661,530,548,0,0,0,0,0,0,307,0,0,0,341,0,0,1,0,0,25,389,0,301,4,253,0,0,0,0,0,190,0,28,0,3,2,0,3,243,0,2,2,0,0,0,0,0,135,21,205,0,4,0,0,0,150,0,0,165,0,0,0,0,0,0,0,3,0,0,0,0,0,0,0,0,0,0,0,0,0,128,0,11,99,0,0,0,5,0,64,0,0,69,62,0,0,81,0,0,89,0,0,0,0,0,0,8,0,0,2,0,0,0,0,54,0,0,0,0,0,1,0,1,0,32,0,0,34,42,0,0,0,0,0,0,0,0,0,0,0,0,0,0,0,0,0,0,0,0,0,0,0,0,0,0,0,0,0,0,0,0,0,0,0,0,0,0,0,0,0,0,0,0,0,0,0,0,10,0,0,0,0,0,0,17,0,0,0,0,0,0,0,0,0,0,0,0,0,0,0,0,0,0,0,0,0,0,0,0,0,0,0,0,0,0,0,0,0,0,0,0,0,0,0,0,0,0,0,0,0,0,0,1,0,0,0,0,0,0,0,0,0,0,0,0,0,0,0,0,0,0,0,0,0,0,0,0,0,0,0,0,0,0,1,0,0,0,0,0,0,0,0,0,0,0,0,0,0,0,0,0,0,0,0,0,0,0,0,0,0,0,0,0,0,0,0,0,0,0,0,0,0,0,0,0,0,0,0,0,0,0,0,0,0,0,0,0,0,0,0,0,0,0,0,0,0,0,0,0,0,0,0,0,0,0,0,0,0,0,0,0,0,0,0,0,0,0,0,0,0,0,0,0,0,0,0,0,0,0,0,0,0,0,0,1,0,0,0,0,0,0,1,0,1,0,0,0,0,0,0,0,0,0,0,0,0,0,0,0,0,0,0,0,0,0,0,0,0,0,0,0,0,0,0,0,2,0,0,0,0,0,0,0,0,0,0,0,0,0,0,0,0,0,0,0,0,0,0,0,0,0,0,0,0,0,0,2,1,1,2,0,0,0,0,0,0,0,0,0,0,0,0,0,0,0,0
15,22112,2,1,12,0,6,0,23,0,2,0,1,0,0,0,1,0,0,0,0,970,0,12,851,954,0,0,45,0,0,0,711,591,600,0,0,0,0,0,0,347,0,0,0,373,0,0,1,0,0,25,411,0,321,4,274,0,0,0,0,0,227,0,28,0,3,2,0,3,257,0,2,2,0,0,0,0,0,157,24,215,0,4,0,0,0,168,0,0,173,0,0,0,0,0,0,0,4,0,0,0,0,0,0,0,0,0,0,0,0,0,133,0,16,106,0,0,0,5,0,71,0,0,79,62,0,0,96,0,0,94,0,0,0,0,0,0,10,0,0,2,0,0,0,0,59,0,0,0,0,0,1,0,1,0,36,0,0,40,46,0,0,0,0,0,0,0,0,0,0,0,0,0,0,0,0,0,0,0,0,0,0,0,0,0,0,0,0,0,0,0,0,0,0,0,0,0,0,0,0,0,0,0,0,0,0,0,0,10,0,0,0,0,0,0,18,0,0,0,0,0,0,0,0,0,0,0,0,0,0,0,0,0,0,0,0,0,0,0,0,0,0,0,0,0,0,0,0,0,0,0,0,0,0,0,0,0,0,0,0,0,0,0,1,0,0,0,0,0,0,0,0,0,0,0,0,0,0,0,0,0,0,0,0,0,0,0,0,0,0,0,0,0,0,1,0,0,0,0,0,0,0,0,0,0,0,0,0,0,0,0,0,0,0,0,0,0,0,0,0,0,0,0,0,0,0,0,0,0,0,0,0,0,0,0,0,0,0,0,0,0,0,0,0,0,0,0,0,0,0,0,0,0,0,0,0,0,0,0,0,0,0,0,0,0,0,0,0,0,0,0,0,0,0,0,0,0,0,0,0,0,0,0,0,0,0,0,0,0,0,0,0,0,0,0,1,0,0,0,0,0,0,1,0,1,0,0,0,0,0,0,0,0,0,0,0,0,0,0,0,0,0,0,0,0,0,0,0,0,0,0,0,0,0,0,0,2,0,0,0,0,0,0,0,0,0,0,0,0,0,0,0,0,0,0,0,0,0,0,0,0,0,0,0,0,0,0,2,1,1,2,0,0,0,0,0,0,0,0,0,0,0,0,0,0,0,0
16,24953,3,1,13,0,6,0,24,0,3,0,1,0,0,0,1,0,0,0,0,1034,0,12,914,1006,0,0,25,0,0,0,772,665,661,0,0,0,0,0,0,386,61,0,0,408,0,0,1,0,0,25,426,0,344,4,297,0,0,0,0,0,277,0,30,0,3,4,0,3,277,0,3,2,0,0,0,0,0,172,25,224,0,4,0,0,0,172,0,0,184,0,0,0,0,0,0,0,5,0,0,0,0,0,0,0,0,0,0,0,0,0,138,0,16,117,0,0,0,5,0,81,0,0,81,67,0,0,104,0,0,99,0,0,0,0,0,0,10,0,0,2,0,0,0,0,65,0,0,0,0,0,1,0,1,0,39,0,0,43,50,0,0,0,0,0,0,0,0,0,0,0,0,0,0,0,0,0,0,0,0,0,0,0,0,0,0,0,0,0,0,0,0,0,0,0,0,0,0,0,0,0,0,0,0,0,0,0,0,10,0,0,0,0,0,0,18,0,0,0,0,0,0,0,0,0,0,0,0,0,0,0,0,0,0,0,0,0,0,0,0,0,0,0,0,0,0,0,0,0,0,0,0,0,0,0,0,0,0,0,0,0,0,0,1,0,0,0,0,0,0,0,0,0,0,0,0,0,0,0,0,0,0,0,0,0,0,0,0,0,0,0,0,0,0,1,0,0,0,0,0,0,0,0,0,0,0,0,0,0,0,0,0,0,0,0,0,0,0,0,0,0,0,0,0,0,0,0,0,0,0,0,0,0,0,0,0,0,0,0,0,0,0,0,0,0,0,0,0,0,0,0,0,0,0,0,0,0,0,0,0,0,0,0,0,0,0,0,0,0,0,0,0,0,0,0,0,0,0,0,0,0,0,0,0,0,0,0,0,0,0,0,0,0,0,0,1,0,0,0,0,0,0,1,0,1,0,0,0,0,0,0,0,0,0,0,0,0,0,0,0,0,0,0,0,0,0,0,0,0,0,0,0,0,0,0,0,2,0,0,0,0,0,0,0,0,0,0,0,0,0,0,0,0,0,0,0,0,0,0,0,0,0,0,0,0,0,0,2,1,1,2,0,0,0,0,0,0,0,0,0,0,0,0,0,0,0,0
17,27100,3,1,13,0,11,0,24,0,3,0,1,0,0,0,1,0,0,0,0,1095,0,16,981,1048,0,0,25,0,0,0,803,733,698,0,0,0,0,0,0,416,61,0,0,439,0,0,1,0,0,32,428,0,364,4,315,0,0,0,0,0,295,0,33,0,3,4,0,3,286,0,3,2,0,0,0,0,0,195,26,239,0,4,0,0,0,183,0,0,195,0,0,0,0,0,0,0,5,0,0,0,0,0,0,0,0,0,0,0,0,0,138,0,17,124,0,0,0,7,0,89,0,0,88,79,0,0,115,0,0,105,0,0,0,0,0,0,13,0,0,2,0,0,0,0,69,0,0,0,0,0,1,0,1,0,42,0,0,45,52,0,0,0,0,0,0,0,0,0,0,0,0,0,0,0,0,0,0,0,0,0,0,0,0,0,0,0,0,0,0,0,0,0,0,0,0,0,0,0,0,0,0,0,0,0,0,0,0,10,0,0,0,0,0,0,18,0,0,0,0,0,0,0,0,0,0,0,0,0,0,0,0,0,0,0,0,0,0,0,0,0,0,0,0,0,0,0,0,0,0,0,0,0,0,0,0,0,0,0,0,0,0,0,1,0,0,0,0,0,0,0,0,0,0,0,0,0,0,0,0,0,0,0,0,0,0,0,0,0,0,0,0,0,0,1,0,0,0,0,0,0,0,0,0,0,0,0,0,0,0,0,0,0,0,0,0,0,0,0,0,0,0,0,0,0,0,0,0,0,0,0,0,0,0,0,0,0,0,0,0,0,0,0,0,0,0,0,0,0,0,0,0,0,0,0,0,0,0,0,0,0,0,0,0,0,0,0,0,0,0,0,0,0,0,0,0,0,0,0,0,0,0,0,0,0,0,0,0,0,0,0,0,0,0,0,1,0,0,0,0,0,0,1,0,1,0,0,0,0,0,0,0,0,0,0,0,0,0,0,0,0,0,0,0,0,0,0,0,0,0,0,0,0,0,0,0,2,0,0,0,0,0,0,0,0,0,0,0,0,0,0,0,0,0,0,0,0,0,0,0,0,0,0,0,0,0,0,2,1,1,2,0,0,0,0,0,0,0,0,0,0,0,0,0,0,0,0
18,29631,3,2,14,0,11,0,25,0,3,0,1,0,0,0,1,0,0,0,0,1131,0,16,1033,1075,0,0,26,0,0,0,838,779,740,0,0,0,0,0,0,444,64,0,0,468,0,0,1,0,0,32,468,0,386,4,326,0,0,0,0,0,307,0,40,0,3,4,0,3,293,0,3,2,0,0,0,0,0,206,29,250,0,4,0,0,0,195,0,0,208,0,0,0,0,0,0,0,5,0,0,0,0,0,0,0,0,0,0,0,0,0,141,0,18,131,0,0,0,7,0,99,0,0,91,83,0,0,119,0,0,107,0,0,0,0,0,0,13,0,0,2,0,0,0,0,78,0,0,0,0,0,1,0,1,0,45,0,0,45,54,0,0,0,0,0,0,0,0,0,0,0,0,0,0,0,0,0,0,0,0,0,0,0,0,0,0,0,0,0,0,0,0,0,0,0,0,0,0,0,0,0,0,0,0,0,0,0,0,10,0,0,0,0,0,0,18,0,0,0,0,0,0,0,0,0,0,0,0,0,0,0,0,0,0,0,0,0,0,0,0,0,0,0,0,0,0,0,0,0,0,0,0,0,0,0,0,0,0,0,0,0,0,0,1,0,0,0,0,0,0,0,0,0,0,0,0,0,0,0,0,0,0,0,0,0,0,0,0,0,0,0,0,0,0,1,0,0,0,0,0,0,0,0,0,0,0,0,0,0,0,0,0,0,0,0,0,0,0,0,0,0,0,0,0,0,0,0,0,0,0,0,0,0,0,0,0,0,0,0,0,0,0,0,0,0,0,0,0,0,0,0,0,0,0,0,0,0,0,0,0,0,0,0,0,0,0,0,0,0,0,0,0,0,0,0,0,0,0,0,0,0,0,0,0,0,0,0,0,0,0,0,0,0,0,0,1,0,0,0,0,0,0,1,0,1,0,0,0,0,0,0,0,0,0,0,0,0,0,0,0,0,0,0,0,0,0,0,0,0,0,0,0,0,0,0,0,2,0,0,0,0,0,0,0,0,0,0,0,0,0,0,0,0,0,0,0,0,0,0,0,0,0,0,0,0,0,0,2,1,1,2,0,0,0,0,0,0,0,0,0,0,0,0,0,0,0,0
19,31728,3,2,14,0,11,0,27,0,8,0,1,0,0,0,1,0,0,0,0,1159,0,18,1073,1092,0,0,26,0,0,0,879,830,771,0,0,0,0,0,0,466,135,0,0,492,0,0,1,0,0,32,486,0,405,4,337,0,0,0,0,0,331,0,45,0,3,4,0,3,299,0,3,2,0,0,0,0,0,218,38,261,0,4,0,0,0,210,0,0,213,0,0,0,0,0,0,0,5,0,0,0,0,0,0,0,0,0,0,0,0,0,149,0,18,138,0,0,0,8,0,109,0,0,95,83,0,0,119,0,0,108,0,0,0,0,0,0,14,0,0,2,0,0,0,0,80,0,0,0,0,0,1,0,1,0,49,0,0,49,58,0,0,0,0,0,0,0,0,0,0,0,0,0,0,0,0,0,0,0,0,0,0,0,0,0,0,0,0,0,0,0,0,0,0,0,0,0,0,0,0,0,0,0,0,0,0,0,0,10,0,0,0,0,0,0,18,0,0,0,0,0,0,0,0,0,0,0,0,0,0,0,0,0,0,0,0,0,0,0,0,0,0,0,0,0,0,0,0,0,0,0,0,0,0,0,0,0,0,0,0,0,0,0,1,0,0,0,0,0,0,0,0,0,0,0,0,0,0,0,0,0,0,0,0,0,0,0,0,0,0,0,0,0,0,1,0,0,0,0,0,0,0,0,0,0,0,0,0,0,0,0,0,0,0,0,0,0,0,0,0,0,0,0,0,0,0,0,0,0,0,0,0,0,0,0,0,0,0,0,0,0,0,0,0,0,0,0,0,0,0,0,0,0,0,0,0,0,0,0,0,0,0,0,0,0,0,0,0,0,0,0,0,0,0,0,0,0,0,0,0,0,0,0,0,0,0,0,0,0,0,0,0,0,0,0,1,0,0,0,0,0,0,1,0,1,0,0,0,0,0,0,0,0,0,0,0,0,0,0,0,0,0,0,0,0,0,0,0,0,0,0,0,0,0,0,0,2,0,0,0,0,0,0,0,0,0,0,0,0,0,0,0,0,0,0,0,0,0,0,0,0,0,0,0,0,0,0,2,1,1,2,0,0,0,0,0,0,0,0,0,0,0,0,0,0,0,0
20,33366,3,2,16,0,11,0,28,0,8,0,1,0,0,0,1,0,0,0,0,1177,0,18,1105,1117,0,0,26,0,0,0,912,860,804,0,0,0,0,0,0,487,135,0,0,515,0,0,1,0,0,33,505,0,417,4,342,0,0,0,0,0,360,0,47,0,3,4,0,3,303,0,3,2,0,0,0,0,0,239,49,267,0,4,0,0,0,215,0,0,219,0,0,0,0,0,0,0,5,0,0,0,0,0,0,0,0,0,0,0,0,0,153,0,18,144,0,0,0,8,0,127,0,0,106,86,0,0,124,0,0,111,0,0,0,0,0,0,15,0,0,2,0,0,0,0,81,0,0,0,0,0,1,0,1,0,55,0,0,53,58,0,0,0,0,0,0,0,0,0,0,0,0,0,0,0,0,0,0,0,0,0,0,0,0,0,0,0,0,0,0,0,0,0,0,0,0,0,0,0,0,0,0,0,0,0,0,0,0,10,0,0,0,0,0,0,18,0,0,0,0,0,0,0,0,0,0,0,0,0,0,0,0,0,0,0,0,0,0,0,0,0,0,0,0,0,0,0,0,0,0,0,0,0,0,0,0,0,0,0,0,0,0,0,1,0,0,0,0,0,0,0,0,0,0,0,0,0,0,0,0,0,0,0,0,0,0,0,0,0,0,0,0,0,0,1,0,0,0,0,0,0,0,0,0,0,0,0,0,0,0,0,0,0,0,0,0,0,0,0,0,0,0,0,0,0,0,0,0,0,0,0,0,0,0,0,0,0,0,0,0,0,0,0,0,0,0,0,0,0,0,0,0,0,0,0,0,0,0,0,0,0,0,0,0,0,0,0,0,0,0,0,0,0,0,0,0,0,0,0,0,0,0,0,0,0,0,0,0,0,0,0,0,0,0,0,1,0,0,0,0,0,0,1,0,1,0,0,0,0,0,0,0,0,0,0,0,0,0,0,0,0,0,0,0,0,0,0,0,0,0,0,0,0,0,0,0,2,0,0,0,0,0,0,0,0,0,0,0,0,0,0,0,0,0,0,0,0,0,0,0,0,0,0,0,0,0,1,2,1,1,2,0,0,0,0,0,0,0,0,0,0,0,0,0,0,0,0
21,33366,3,2,16,0,11,0,28,0,9,0,1,0,0,0,1,0,0,0,0,1219,0,18,1135,1131,0,0,28,0,0,0,946,889,844,0,0,0,0,0,0,497,175,0,0,543,0,0,1,0,0,33,518,0,436,4,352,0,0,0,0,0,378,0,50,0,3,4,0,3,311,0,3,2,0,0,0,0,0,251,50,272,0,4,0,0,0,222,0,0,225,0,0,0,0,0,0,0,5,0,0,0,0,0,0,0,0,0,0,0,0,0,154,0,18,157,0,0,0,8,0,133,0,0,112,87,0,0,126,0,0,116,0,0,0,0,0,0,15,0,0,2,0,0,0,0,83,0,0,0,0,0,1,0,1,0,59,0,0,58,60,0,0,0,0,0,0,0,0,0,0,0,0,0,0,0,0,0,0,0,0,0,0,0,0,0,0,0,0,0,0,0,0,0,0,0,0,0,0,0,0,0,0,0,0,0,0,0,0,10,0,0,0,0,0,0,18,0,0,0,0,0,0,0,0,0,0,0,0,0,0,0,0,0,0,0,0,0,0,0,0,0,0,0,0,0,0,0,0,0,0,0,0,0,0,0,0,0,0,0,0,0,0,0,1,0,0,0,0,0,0,0,0,0,0,0,0,0,0,0,0,0,0,0,0,0,0,0,0,0,0,0,0,0,0,1,0,0,0,0,0,0,0,0,0,0,0,0,0,0,0,0,0,0,0,0,0,0,0,0,0,0,0,0,0,0,0,0,0,0,0,0,0,0,0,0,0,0,0,0,0,0,0,0,0,0,0,0,0,0,0,0,0,0,0,0,0,0,0,0,0,0,0,0,0,0,0,0,0,0,0,0,0,0,0,0,0,0,0,0,0,0,0,0,0,0,0,0,0,0,0,0,0,0,0,0,1,0,0,0,0,0,0,1,0,1,0,0,0,0,0,0,0,0,0,0,0,0,0,0,0,0,0,0,0,0,0,0,0,0,0,0,0,0,0,0,0,2,0,0,0,0,0,0,0,0,0,0,0,0,0,0,0,0,0,0,0,0,0,0,0,0,0,0,0,0,0,1,2,1,1,2,0,0,0,0,0,0,0,0,0,0,0,0,0,0,0,0
22,48206,3,2,16,0,11,0,28,0,9,0,1,0,0,0,1,0,0,0,0,1241,0,19,1169,1145,0,0,28,0,0,0,968,910,872,0,0,0,0,0,0,509,175,0,0,570,0,0,1,0,0,33,529,0,451,4,366,0,0,0,0,0,395,0,58,0,3,4,0,3,315,0,3,2,0,0,0,0,0,265,53,279,0,4,0,0,0,222,0,0,229,0,0,0,0,0,0,0,5,0,0,0,0,0,0,0,0,0,0,0,0,0,156,0,18,157,0,0,0,8,0,135,0,0,119,90,0,0,126,0,0,117,0,0,0,0,0,0,16,0,0,2,0,0,0,0,84,0,0,0,0,0,1,0,1,0,63,0,0,64,61,0,0,0,0,0,0,0,0,0,0,0,0,0,0,0,0,0,0,0,0,0,0,0,0,0,0,0,0,0,0,0,0,0,0,0,0,0,0,0,0,0,0,0,0,0,0,0,0,10,0,0,0,0,0,0,18,0,0,0,0,0,0,0,0,0,0,0,0,0,0,0,0,0,0,0,0,0,0,0,0,0,0,0,0,0,0,0,0,0,0,0,0,0,0,0,0,0,0,0,0,0,0,0,1,0,0,0,0,0,0,0,0,0,0,0,0,0,0,0,0,0,0,0,0,0,0,0,0,0,0,0,0,0,0,1,0,0,0,0,0,0,0,0,0,0,0,0,0,0,0,0,0,0,0,0,0,0,0,0,0,0,0,0,0,0,0,0,0,0,0,0,0,0,0,0,0,0,0,0,0,0,0,0,0,0,0,0,0,0,0,0,0,0,0,0,0,0,0,0,0,0,0,0,0,0,0,0,0,0,0,0,0,0,0,0,0,0,0,0,0,0,0,0,0,0,0,0,0,0,0,0,0,0,0,0,1,0,0,0,0,0,0,1,0,1,0,0,0,0,0,0,0,0,0,0,0,0,0,0,0,0,0,0,0,0,0,0,0,0,0,0,0,0,0,0,0,2,0,0,0,0,0,0,0,0,0,0,0,0,0,0,0,0,0,0,0,0,0,0,0,0,0,0,0,0,0,2,2,1,1,2,0,0,0,0,0,0,0,0,0,0,0,0,0,0,0,0
23,54406,3,2,16,0,11,0,28,0,9,0,1,0,0,0,1,0,0,0,0,1261,0,19,1184,1155,0,0,29,0,0,0,988,934,900,0,0,0,0,0,0,523,218,0,0,593,0,0,1,0,0,33,537,0,463,4,372,0,0,0,0,0,419,0,67,0,3,4,0,3,318,0,3,2,0,0,0,1,0,283,56,281,0,4,0,0,0,226,0,0,230,0,0,0,0,0,0,0,5,0,0,0,0,0,0,0,0,0,0,0,0,0,162,0,18,159,0,0,0,8,0,140,0,0,120,90,0,0,127,0,0,119,0,0,0,0,0,0,16,0,0,2,0,0,0,0,86,0,0,0,0,0,1,0,1,0,65,0,0,67,65,0,0,0,0,0,0,0,0,0,0,0,0,0,0,0,0,0,0,0,0,0,0,0,0,0,0,0,0,0,0,0,0,0,0,0,0,0,0,0,0,0,0,0,0,0,0,0,0,10,0,0,0,0,0,0,18,0,0,0,0,0,0,0,0,0,0,0,0,0,0,0,0,0,0,0,0,0,0,0,0,0,0,0,0,0,0,0,0,0,0,0,0,0,0,0,0,0,0,0,0,0,0,0,1,0,0,0,0,0,0,0,0,0,0,0,0,0,0,0,0,0,0,0,0,0,0,0,0,0,0,0,0,0,0,1,0,0,0,0,0,0,0,0,0,0,0,0,0,0,0,0,0,0,0,0,0,0,0,0,0,0,0,0,0,0,0,0,0,0,0,0,0,0,0,0,0,0,0,0,0,0,0,0,0,0,0,0,0,0,0,0,0,0,0,0,0,0,0,0,0,0,0,0,0,0,0,0,0,0,0,0,0,0,0,0,0,0,0,0,0,0,0,0,0,0,0,0,0,0,0,0,0,0,0,0,1,0,0,0,0,0,0,1,0,1,0,0,0,0,0,0,0,0,0,0,0,0,0,0,0,0,0,0,0,0,0,0,0,0,0,0,0,0,0,0,0,2,0,0,0,0,0,0,0,0,0,0,0,0,0,0,0,0,0,0,0,0,0,0,0,0,0,0,0,0,0,2,2,1,1,2,0,0,0,0,0,0,0,0,0,0,0,0,0,0,0,0
24,56249,3,2,16,0,12,0,28,0,9,0,1,0,0,0,1,0,0,0,0,1294,0,22,1212,1162,0,0,43,0,0,0,1001,950,913,0,0,0,0,0,0,532,285,0,0,604,0,0,1,0,0,33,544,0,470,4,375,0,0,0,0,0,425,0,72,0,3,4,0,3,326,0,3,2,0,0,0,1,0,291,56,285,0,4,0,0,0,235,0,0,232,0,0,0,0,0,0,0,5,0,0,0,0,0,0,0,0,0,0,0,0,0,168,0,18,162,0,0,0,8,0,143,0,0,122,90,0,0,128,0,0,119,0,0,0,0,0,0,16,0,0,2,0,0,0,0,88,0,0,0,0,0,1,0,1,0,70,0,0,70,68,0,0,0,0,0,0,0,0,0,0,0,0,0,0,0,0,0,0,0,0,0,0,0,0,0,0,0,0,0,0,0,0,0,0,0,0,0,0,0,0,0,0,0,0,0,0,0,0,10,0,0,0,0,0,0,18,0,0,0,0,0,0,0,0,0,0,0,0,0,0,0,0,0,0,0,0,0,0,0,0,0,0,0,0,0,0,0,0,0,0,0,0,0,0,0,0,0,0,0,0,0,0,0,1,0,0,0,0,0,0,0,0,0,0,0,0,0,0,0,0,0,0,0,0,0,0,0,0,0,0,0,0,0,0,1,0,0,0,0,0,0,0,0,0,0,0,0,0,0,0,0,0,0,0,0,0,0,0,0,0,0,0,0,0,0,0,0,0,0,0,0,0,0,0,0,0,0,0,0,0,0,0,0,0,0,0,0,0,0,0,0,0,0,0,0,0,0,0,0,0,0,0,0,0,0,0,0,0,0,0,0,0,0,0,0,0,0,0,0,0,0,0,0,0,0,0,0,0,0,0,0,0,0,0,0,1,0,0,0,0,0,0,1,0,1,0,0,0,0,0,0,0,0,0,0,0,0,0,0,0,0,0,0,0,0,0,0,0,0,0,0,0,0,0,0,0,2,0,0,0,0,0,0,0,0,0,0,0,0,0,0,0,0,0,0,0,0,0,0,0,0,0,0,0,0,0,2,2,1,1,2,0,0,0,0,0,0,0,0,0,0,0,0,0,0,0,0
25,58182,3,2,16,0,12,0,29,0,9,0,1,0,0,0,1,0,0,0,0,1316,0,22,1231,1167,0,0,59,0,0,0,1004,962,925,0,0,0,0,0,0,537,355,0,0,617,0,0,1,0,0,34,551,0,481,4,380,0,0,0,0,0,445,0,75,0,3,4,0,3,328,0,3,2,0,0,0,1,0,300,57,287,0,4,0,0,0,237,0,0,236,0,0,0,0,0,0,0,5,0,0,0,0,0,0,0,0,0,0,0,0,0,171,0,20,162,0,0,0,9,0,144,0,0,124,90,0,0,129,0,0,121,0,0,0,0,0,0,16,0,0,2,0,0,0,0,89,0,0,0,0,0,1,0,1,0,71,0,0,70,70,0,0,0,0,0,0,0,0,0,0,0,0,0,0,0,0,0,0,0,0,0,0,0,0,0,0,0,0,0,0,0,0,0,0,0,0,0,0,0,0,0,0,0,0,0,0,0,0,10,0,0,0,0,0,0,18,0,0,0,0,0,0,0,0,0,0,0,0,0,0,0,0,0,0,0,0,0,0,0,0,0,0,0,0,0,0,0,0,0,0,0,0,0,0,0,0,0,0,0,0,0,0,0,1,0,0,0,0,0,0,0,0,0,0,0,0,0,0,0,0,0,0,0,0,0,0,0,0,0,0,0,0,0,0,1,0,0,0,0,0,0,0,0,0,0,0,0,0,0,0,0,0,0,0,0,0,0,0,0,0,0,0,0,0,0,0,0,0,0,0,0,0,0,0,0,0,0,0,0,0,0,0,0,0,0,0,0,0,0,0,0,0,0,0,0,0,0,0,0,0,0,0,0,0,0,0,0,0,0,0,0,0,0,0,0,0,0,0,0,0,0,0,0,0,0,0,0,0,0,0,0,0,0,0,0,1,0,0,0,0,0,0,1,0,1,0,0,0,0,0,0,0,0,0,0,0,0,0,0,0,0,0,0,0,0,0,0,0,0,0,0,0,0,0,0,0,2,0,0,0,0,0,0,0,0,0,0,0,0,0,0,0,0,0,0,0,0,0,0,0,0,0,0,0,0,0,2,2,1,1,2,0,0,0,0,0,0,0,0,0,0,0,0,0,0,0,0
26,59989,3,2,16,0,12,0,30,0,9,0,1,0,0,0,1,0,0,0,0,1322,0,22,1246,1171,0,0,66,0,0,0,1006,973,930,0,0,0,0,0,0,541,454,0,0,626,0,0,1,0,0,35,553,0,495,4,381,0,0,0,0,0,457,0,77,0,3,5,0,3,333,0,3,2,0,0,0,1,0,301,60,290,0,4,0,0,0,238,0,0,240,0,0,0,0,0,0,0,5,0,0,0,0,0,0,0,0,0,0,0,0,0,171,0,22,163,0,0,0,9,0,146,0,0,125,91,0,0,130,0,0,121,0,0,0,0,0,0,16,0,0,2,0,0,0,0,89,0,0,0,0,0,1,0,1,0,75,0,0,70,72,0,0,0,0,0,0,0,0,0,0,0,0,0,0,0,0,0,0,0,0,0,0,0,0,0,0,0,0,0,0,0,0,0,0,0,0,0,0,0,0,0,0,0,0,0,0,0,0,10,0,0,0,0,0,0,18,0,0,0,0,0,0,0,0,0,0,0,0,0,0,0,0,0,0,0,0,0,0,0,0,0,0,0,0,0,0,0,0,0,0,0,0,0,0,0,0,0,0,0,0,0,0,0,1,0,0,0,0,0,0,0,0,0,0,0,0,0,0,0,0,0,0,0,0,0,0,0,0,0,0,0,0,0,0,1,0,0,0,0,0,0,0,0,0,0,0,0,0,0,0,0,0,0,0,0,0,0,0,0,0,0,0,0,0,0,0,0,0,0,0,0,0,0,0,0,0,0,0,0,0,0,0,0,0,0,0,0,0,0,0,0,0,0,0,0,0,0,0,0,0,0,0,0,0,0,0,0,0,0,0,0,0,0,0,0,0,0,0,0,0,0,0,0,0,0,0,0,0,0,0,0,0,0,0,0,1,0,0,0,0,0,0,1,0,1,0,0,0,0,0,0,0,0,0,0,0,0,0,0,0,0,0,0,0,0,0,0,0,0,0,0,0,0,0,0,0,2,0,0,0,0,0,0,0,0,0,0,0,0,0,0,0,0,0,0,0,0,0,0,0,0,0,0,0,0,0,2,2,1,1,2,0,0,0,0,0,0,0,0,0,0,0,0,0,0,0,0
27,61682,3,2,16,0,12,0,31,0,9,0,1,0,0,0,1,0,0,0,0,1328,0,22,1257,1172,0,0,74,0,0,0,1007,982,933,0,0,0,0,0,0,543,542,0,0,629,0,0,1,0,0,35,555,0,508,4,387,0,0,0,0,0,464,0,81,0,3,5,0,3,333,0,3,2,0,0,0,1,0,306,62,292,0,4,0,0,0,242,0,0,240,0,0,0,0,0,0,0,5,0,0,0,0,0,0,0,0,0,0,0,0,0,172,0,22,163,0,0,0,9,0,146,0,0,128,91,0,0,131,0,0,121,0,0,0,0,0,0,16,0,0,2,0,0,0,0,89,0,0,0,0,0,1,0,1,0,76,0,0,70,73,0,0,0,0,0,0,0,0,0,0,0,0,0,0,0,0,0,0,0,0,0,0,0,0,0,0,0,0,0,0,0,0,0,0,0,0,0,0,0,0,0,0,0,0,0,0,0,0,10,0,0,0,0,0,0,18,0,0,0,0,0,0,0,0,0,0,0,0,0,0,0,0,0,0,0,0,0,0,0,0,0,0,0,0,0,0,0,0,0,0,0,0,0,0,0,0,0,0,0,0,0,0,0,1,0,0,0,0,0,0,0,0,0,0,0,0,0,0,0,0,0,0,0,0,0,0,0,0,0,0,0,0,0,0,1,0,0,0,0,0,0,0,0,0,0,0,0,0,0,0,0,0,0,0,0,0,0,0,0,0,0,0,0,0,0,0,0,0,0,0,0,0,0,0,0,0,0,0,0,0,0,0,0,0,0,0,0,0,0,0,0,0,0,0,0,0,0,0,0,0,0,0,0,0,0,0,0,0,0,0,0,0,0,0,0,0,0,0,0,0,0,0,0,0,0,0,0,0,0,0,0,0,0,0,0,1,0,0,0,0,0,0,1,0,1,0,0,0,0,0,0,0,0,0,0,0,0,0,0,0,0,0,0,0,0,0,0,0,0,0,0,0,0,0,0,0,2,0,0,0,0,0,0,0,0,0,0,0,0,0,0,0,0,0,0,0,0,0,0,0,0,0,0,0,0,0,2,2,1,1,2,0,0,0,0,0,0,0,0,0,0,0,0,0,0,0,0
28,62031,3,2,16,2,12,0,31,0,9,0,1,0,0,0,1,0,0,0,0,1331,0,22,1262,1174,0,0,84,0,0,0,1008,986,934,0,0,0,0,0,0,544,621,0,0,631,0,0,1,0,0,35,560,0,514,4,393,0,0,0,0,0,470,0,84,0,3,5,0,3,333,0,3,2,0,0,0,1,0,306,63,293,0,4,0,0,0,244,0,0,242,0,0,0,0,0,0,0,5,0,0,0,0,0,0,0,0,0,0,0,0,0,172,0,23,168,0,0,0,9,0,146,0,0,130,91,0,0,131,0,0,121,0,0,0,0,0,0,16,0,0,2,0,0,0,0,90,0,0,0,0,0,1,0,1,0,76,0,0,71,75,0,0,0,0,0,0,0,0,0,0,0,0,0,0,0,0,0,0,0,0,0,0,0,0,0,0,0,0,0,0,0,0,0,0,0,0,0,0,0,0,0,0,0,0,0,0,0,0,10,0,0,0,0,0,0,18,0,0,0,0,0,0,0,0,0,0,0,0,0,0,0,0,0,0,0,0,0,0,0,0,0,0,0,0,0,0,0,0,0,0,0,0,0,0,0,0,0,0,0,0,0,0,0,1,0,0,0,0,0,0,0,0,0,0,0,0,0,0,0,0,0,0,0,0,0,0,0,0,0,0,0,0,0,0,1,0,0,0,0,0,0,0,0,0,0,0,0,0,0,0,0,0,0,0,0,0,0,0,0,0,0,0,0,0,0,0,0,0,0,0,0,0,0,0,0,0,0,0,0,0,0,0,0,0,0,0,0,0,0,0,0,0,0,0,0,0,0,0,0,0,0,0,0,0,0,0,0,0,0,0,0,0,0,0,0,0,0,0,0,0,0,0,0,0,0,0,0,0,0,0,0,0,0,0,0,1,0,0,0,0,0,0,1,0,1,0,0,0,0,0,0,0,0,0,0,0,0,0,0,0,0,0,0,0,0,0,0,0,0,0,0,0,0,0,0,0,2,0,0,0,0,0,0,0,0,0,0,0,0,0,0,0,0,0,0,0,0,0,0,0,0,0,0,0,0,0,2,2,1,1,2,0,0,0,0,0,0,0,0,0,0,0,0,0,0,0,0
29,62442,3,2,16,5,12,0,104,0,9,0,1,0,0,0,1,0,0,0,0,1332,0,22,1265,1175,0,0,94,0,0,0,1010,987,934,0,0,0,0,0,0,546,634,0,0,631,0,0,1,0,0,35,567,0,520,4,395,0,0,0,0,0,476,0,84,0,3,5,0,3,334,0,3,2,0,0,0,1,0,307,68,293,0,4,0,0,0,245,0,0,245,0,0,0,0,0,0,0,5,0,0,0,0,0,0,0,0,0,0,0,0,0,174,0,24,168,0,0,0,9,0,146,0,0,131,91,0,0,132,0,0,121,0,0,0,0,0,0,16,0,0,2,0,0,0,0,91,0,0,0,0,0,1,0,1,0,76,0,0,71,75,0,0,0,0,0,0,0,0,0,0,0,0,0,0,0,0,0,0,0,0,0,0,0,0,0,0,0,0,0,0,0,0,0,0,0,0,0,0,0,0,0,0,0,0,0,0,0,0,10,0,0,0,0,0,0,18,0,0,0,0,0,0,0,0,0,0,0,0,0,0,0,0,0,0,0,0,0,0,0,0,0,0,0,0,0,0,0,0,0,0,0,0,0,0,0,0,0,0,0,0,0,0,0,1,0,0,0,0,0,0,0,0,0,0,0,0,0,0,0,0,0,0,0,0,0,0,0,0,0,0,0,0,0,0,1,0,0,0,0,0,0,0,0,0,0,0,0,0,0,0,0,0,0,0,0,0,0,0,0,0,0,0,0,0,0,0,0,0,0,0,0,0,0,0,0,0,0,0,0,0,0,0,0,0,0,0,0,0,0,0,0,0,0,0,0,0,0,0,0,0,0,0,0,0,0,0,0,0,0,0,0,0,0,0,0,0,0,0,0,0,0,0,0,0,0,0,0,0,0,0,0,0,0,0,0,1,0,0,0,0,0,0,1,0,1,0,0,0,0,0,0,0,0,0,0,0,0,0,0,0,0,0,0,0,0,0,0,0,0,0,0,0,0,0,0,0,2,0,0,0,0,0,0,0,0,0,0,0,0,0,0,0,0,0,0,0,0,0,0,0,0,0,0,0,0,0,2,2,1,1,2,0,0,0,0,0,0,0,0,0,0,0,0,0,0,0,0
30,62662,20,2,16,18,12,0,204,0,9,0,1,0,0,0,1,0,0,0,0,1333,0,22,1267,1203,0,0,105,1,0,0,1011,988,934,0,0,0,0,0,0,749,634,0,0,631,0,0,1,0,0,35,572,0,525,4,396,0,0,0,0,0,479,0,85,0,3,6,0,3,334,0,3,2,0,0,0,1,0,308,68,293,0,4,0,0,0,246,0,1,245,0,0,0,0,0,0,0,5,0,0,0,0,0,0,0,0,0,0,0,0,0,174,0,26,168,0,0,0,9,0,146,0,0,132,91,0,0,132,0,0,121,0,0,0,0,0,0,16,0,0,2,0,0,0,0,91,0,0,0,0,0,1,0,1,0,76,0,0,71,75,0,0,0,0,0,0,0,0,0,0,0,0,0,0,0,0,0,0,0,0,0,0,0,0,0,0,0,0,0,0,0,0,0,0,0,0,0,0,0,0,0,0,0,0,0,0,0,0,10,0,0,0,0,0,0,18,0,0,0,0,0,0,0,0,0,0,0,0,0,0,0,0,0,0,0,0,0,0,0,0,0,0,0,0,0,0,0,0,0,0,0,0,0,0,0,0,0,0,0,0,0,0,0,1,0,0,0,0,0,0,0,0,0,0,0,0,0,0,0,0,0,0,0,0,0,0,0,0,0,0,0,0,0,0,1,0,0,0,0,0,0,0,0,0,0,0,0,0,0,0,0,0,0,0,0,0,0,0,0,0,0,0,0,0,0,0,0,0,0,0,0,0,0,0,0,0,0,0,0,0,0,0,0,0,0,0,0,0,0,0,0,0,0,0,0,0,0,0,0,0,0,0,0,0,4,0,0,0,0,0,0,0,0,0,0,0,0,0,0,0,0,0,0,0,0,0,0,0,0,0,0,0,0,0,0,1,0,0,0,0,0,0,1,0,1,0,0,0,0,0,0,0,0,0,0,0,0,0,0,0,0,0,0,0,0,0,0,0,0,0,0,0,0,0,0,0,2,0,0,0,1,0,0,0,0,0,0,0,0,0,0,0,0,0,0,0,0,0,0,0,0,0,0,0,1,0,2,2,1,1,2,0,0,0,0,0,0,0,0,0,0,0,0,0,0,0,0
31,64084,62,2,16,28,12,0,433,0,9,0,1,0,0,0,1,0,0,0,0,1339,0,22,1270,1205,0,0,122,1,0,0,1013,989,934,0,0,0,0,0,0,750,634,0,0,631,0,0,1,0,0,35,573,0,526,4,399,0,0,0,0,0,479,0,85,0,3,6,0,3,335,0,3,2,0,0,0,1,0,309,69,293,0,4,0,0,0,249,0,1,245,0,0,0,0,0,0,0,5,0,0,0,0,0,0,0,0,0,0,0,0,0,174,0,26,168,0,0,0,13,0,146,0,0,135,91,0,0,132,0,0,121,0,0,0,0,0,0,16,0,0,2,0,0,0,0,91,0,0,0,0,0,1,0,1,0,76,0,0,71,75,0,0,0,0,0,0,0,0,0,0,0,0,0,0,0,0,0,0,0,0,0,0,0,0,0,0,0,0,0,0,0,0,0,0,0,0,0,0,0,0,0,0,0,0,0,0,0,0,10,0,0,0,0,0,0,18,0,0,0,0,0,0,0,0,0,0,0,0,0,0,0,0,0,0,0,0,0,0,0,0,0,0,0,0,0,0,0,0,0,0,0,0,0,0,0,0,0,0,0,0,0,0,0,1,0,0,0,0,0,0,0,0,0,0,0,0,0,0,0,0,0,0,0,0,0,0,0,0,0,0,0,0,0,0,1,0,0,0,0,0,0,0,0,0,0,0,0,0,0,0,0,0,0,0,0,0,0,0,0,0,0,0,0,0,0,0,0,0,0,0,0,0,0,0,0,0,0,0,0,0,0,0,0,0,0,0,0,0,0,0,0,0,0,0,0,0,0,0,0,0,0,0,0,0,7,0,0,0,0,0,0,0,0,0,0,0,0,0,0,0,0,0,0,0,0,0,0,0,0,0,0,0,0,0,0,1,0,0,0,0,0,0,1,0,1,0,0,0,0,0,0,0,0,0,0,0,0,0,0,0,0,0,0,0,0,0,0,0,0,0,0,0,0,0,0,0,2,0,0,0,1,0,0,0,0,0,0,0,0,0,0,0,0,0,0,0,0,0,0,0,0,0,0,0,1,0,2,2,1,1,2,0,0,0,0,0,0,0,0,0,0,0,0,0,0,0,0
32,64084,155,2,16,43,12,0,602,0,9,0,1,0,0,0,1,0,0,0,0,1342,0,22,1271,1205,0,0,147,1,0,0,1016,989,934,0,0,0,0,0,0,754,691,0,0,631,0,0,1,0,0,35,575,0,526,4,399,0,0,0,0,0,480,0,89,0,3,6,0,3,335,0,3,2,0,0,0,1,0,311,74,293,0,4,0,0,0,249,0,1,245,0,0,0,0,0,0,0,5,0,0,0,0,0,0,0,0,0,0,0,0,0,174,0,28,168,0,0,0,13,0,146,0,0,135,91,0,0,132,0,0,121,0,0,0,0,0,0,16,0,0,2,0,0,0,0,91,0,0,0,0,0,1,0,1,0,76,0,0,71,75,0,0,0,0,0,0,0,0,0,0,0,0,0,0,0,0,0,0,0,0,0,0,0,0,0,0,0,0,0,0,0,0,0,0,0,0,0,0,0,0,0,0,0,0,0,0,0,0,10,0,0,0,0,0,0,18,0,0,0,0,0,0,0,0,0,0,0,0,0,0,0,0,0,0,0,0,0,0,0,0,0,0,0,0,0,0,0,0,0,0,0,0,0,0,0,0,0,0,0,0,0,0,0,1,0,0,0,0,0,0,0,0,0,0,0,0,0,0,0,0,0,0,0,0,0,0,0,0,0,0,0,0,0,0,1,0,0,0,0,0,0,0,0,0,0,0,0,0,0,0,0,0,0,0,0,0,0,0,0,0,0,0,0,0,0,0,0,0,0,0,0,0,0,0,0,0,0,0,0,0,0,0,0,0,0,0,0,0,0,0,0,0,0,0,0,0,0,0,0,0,0,0,0,0,7,0,0,0,0,0,0,0,0,0,0,0,0,0,0,0,0,0,0,0,0,0,0,0,0,0,0,0,0,0,0,1,0,0,0,0,0,0,1,0,1,0,0,0,0,0,0,0,0,0,0,0,0,0,0,0,0,0,0,0,0,0,0,0,0,0,0,0,0,0,0,0,2,0,0,0,1,0,0,0,0,0,0,0,0,0,0,0,0,0,0,0,0,0,0,0,0,0,0,0,1,0,2,2,1,1,2,0,0,0,0,0,0,0,0,0,0,0,0,0,0,0,0
33,64287,229,2,16,61,12,0,833,0,13,0,1,0,0,0,1,0,0,0,0,1345,0,22,1271,1205,0,0,159,1,0,0,1016,989,934,0,0,0,0,0,0,755,691,0,0,631,0,0,1,0,0,35,576,0,527,4,399,0,0,0,0,0,480,0,89,0,4,6,0,3,335,0,3,2,0,0,1,1,0,311,79,293,0,4,0,0,0,251,0,1,245,0,0,1,0,0,0,0,5,0,0,0,0,0,0,0,0,0,1,0,0,0,174,0,30,168,0,0,0,13,0,146,0,0,135,91,0,0,133,0,0,121,0,0,0,0,0,0,16,0,0,2,0,0,0,0,93,0,0,0,0,0,1,0,1,0,76,0,0,71,75,0,0,0,0,0,0,0,0,0,0,0,2,0,0,0,0,0,36,0,0,0,0,0,1,0,0,0,0,0,0,0,0,0,0,0,0,0,0,0,0,0,0,0,0,0,0,0,0,10,0,0,0,0,0,0,18,0,0,0,0,0,0,0,0,0,0,0,0,0,0,0,0,0,0,0,0,0,0,0,0,0,0,0,0,0,0,0,0,0,0,0,0,0,0,0,0,0,0,0,0,0,0,0,1,0,0,0,0,0,0,0,0,0,0,0,0,0,0,0,0,0,0,0,0,0,0,0,0,0,0,0,0,0,0,1,0,0,0,0,0,0,0,0,0,0,0,0,0,0,0,0,0,0,0,0,0,0,0,0,0,0,0,0,0,0,0,0,0,0,0,0,0,0,0,0,0,0,0,0,0,0,0,0,0,0,0,0,0,0,0,0,0,0,0,0,0,0,0,0,0,0,0,0,0,7,0,0,0,0,0,0,0,0,0,0,0,0,0,0,0,0,0,0,0,0,0,0,0,0,0,0,0,0,0,0,1,0,0,0,0,0,0,1,0,1,0,0,0,0,0,0,0,0,0,0,0,0,0,0,0,0,0,0,0,0,0,0,0,0,0,0,0,0,0,0,0,2,0,0,0,1,0,0,0,0,0,0,0,0,0,0,0,0,0,0,0,0,0,0,0,0,0,0,0,1,0,2,2,1,1,2,0,0,0,0,0,0,0,0,0,0,0,0,0,0,0,0
34,64786,322,6,17,95,14,0,977,1,13,0,1,2,0,0,1,0,0,0,0,1347,0,22,1271,1205,0,0,170,1,0,0,1016,989,934,0,0,0,0,0,0,756,691,0,0,631,0,0,1,0,0,37,576,0,529,4,400,0,0,0,0,0,480,0,91,0,4,7,0,3,336,0,3,2,0,0,23,1,0,311,84,294,0,4,0,0,1,252,0,1,245,0,0,1,0,0,0,0,5,0,0,0,0,1,0,0,0,0,11,0,0,0,174,0,31,168,0,0,0,13,0,146,0,0,135,91,0,0,133,0,0,121,0,0,0,0,0,0,16,0,0,2,0,0,0,0,93,0,0,0,0,0,1,0,1,0,76,0,0,71,75,0,0,0,0,0,0,0,0,0,0,0,2,0,0,0,0,0,36,0,0,0,0,0,1,0,0,0,0,0,0,0,0,0,0,0,0,0,0,0,0,0,0,0,0,0,0,0,0,10,0,0,0,0,0,0,18,0,0,0,0,0,0,0,0,0,0,0,0,0,0,0,0,0,0,0,0,0,0,0,0,0,0,0,0,0,0,0,0,0,0,0,0,0,0,0,0,0,0,0,0,0,0,0,1,0,0,0,0,0,0,0,0,0,0,0,0,0,0,0,0,0,0,0,0,0,0,0,0,0,0,0,0,0,0,1,0,0,0,0,0,0,0,0,0,0,0,0,0,0,0,0,0,0,0,0,0,0,0,0,0,0,0,0,0,0,0,0,0,0,0,0,0,0,0,0,0,0,0,0,0,0,0,0,0,0,0,0,0,0,0,0,0,0,0,0,0,0,0,0,0,0,0,0,0,7,0,0,0,0,0,0,0,0,0,0,0,0,0,0,0,0,0,0,0,0,0,0,0,0,0,0,0,0,0,0,1,0,0,0,0,0,0,1,0,1,0,0,0,0,0,0,0,0,0,0,0,0,0,0,0,0,0,0,0,0,0,0,0,0,0,0,0,0,0,0,0,2,0,0,0,1,0,0,0,0,0,0,0,0,0,0,0,0,0,0,0,0,0,0,0,0,0,0,0,1,0,2,2,1,1,2,0,0,0,0,0,0,0,0,0,0,0,0,0,0,0,0
35,65187,453,13,27,139,18,0,1261,1,13,0,1,2,1,0,2,0,0,0,1,1347,0,22,1271,1205,0,0,189,2,0,0,1016,989,934,0,0,0,0,0,2,756,705,0,0,631,0,0,2,1,0,40,576,0,531,4,400,0,0,0,0,0,480,0,93,1,4,7,0,3,337,0,3,2,0,0,33,1,0,312,91,294,0,4,0,0,3,252,0,2,245,0,0,5,0,0,0,0,5,0,0,0,0,1,0,0,0,0,26,0,0,0,174,0,32,168,0,0,0,13,0,146,0,0,135,91,0,0,133,0,0,121,0,0,0,0,1,0,16,0,0,2,0,0,0,0,93,0,0,0,0,0,1,0,1,0,76,0,0,71,75,0,0,0,0,0,0,0,0,0,0,0,4,1,0,0,0,0,42,0,0,0,0,0,1,0,0,0,0,0,0,0,0,0,0,0,0,0,0,0,0,0,0,0,0,0,0,0,0,10,0,0,0,0,0,0,18,0,0,0,0,0,0,0,0,0,0,0,0,0,0,0,0,0,0,0,0,0,0,0,0,0,0,0,0,0,0,0,0,0,0,0,0,0,0,0,0,0,0,0,0,0,0,0,1,0,0,0,0,0,0,0,0,0,0,0,0,0,0,0,0,0,0,0,0,0,0,0,0,0,0,0,0,0,0,1,0,0,0,0,0,0,0,0,0,0,0,0,0,0,0,0,0,0,0,0,0,0,0,0,0,0,0,0,0,0,0,0,0,0,0,0,0,0,0,0,0,0,0,0,0,0,0,0,0,0,0,0,0,0,0,0,0,0,0,0,0,0,0,0,0,0,0,0,0,7,0,0,0,0,0,0,0,0,0,0,0,0,0,0,0,0,0,0,0,0,0,0,0,0,0,0,0,0,0,0,1,0,0,0,0,0,0,1,0,1,0,0,0,0,0,0,0,0,0,0,0,0,0,0,0,0,0,0,0,0,0,0,0,0,0,0,0,0,0,0,0,2,0,0,0,1,0,0,0,0,0,0,0,0,0,0,0,0,0,0,0,0,0,0,0,0,0,0,0,1,0,2,2,1,1,2,0,0,0,0,0,0,0,0,0,0,0,0,0,0,0,0
36,65596,655,15,46,245,38,0,1766,8,15,1,1,3,1,0,7,0,0,0,1,1347,1,23,1272,1205,0,0,214,3,0,0,1017,989,934,0,0,0,0,0,2,756,705,0,0,631,0,0,2,3,0,40,576,0,534,4,410,0,0,0,0,0,480,0,93,1,6,7,0,3,337,0,3,2,0,0,33,1,1,317,92,296,0,4,0,0,3,252,0,2,245,0,0,7,0,0,0,0,5,0,0,0,0,1,0,0,0,0,43,0,0,0,174,0,32,168,0,0,1,13,0,146,0,0,136,91,0,0,133,0,0,121,0,0,0,0,1,0,16,0,0,2,0,0,0,0,93,0,0,0,0,0,1,0,1,0,76,0,0,72,75,0,0,0,0,0,0,0,0,0,0,0,4,1,0,0,0,0,42,0,0,0,0,0,1,0,0,0,0,0,0,0,0,0,0,0,0,0,0,0,0,0,0,0,0,0,0,0,0,10,0,0,0,0,0,0,18,0,0,0,0,0,0,0,0,0,0,0,0,0,0,0,0,0,0,0,0,0,0,0,0,0,0,0,0,0,0,0,0,0,0,0,0,0,0,0,0,0,0,0,0,0,0,0,1,0,0,0,0,0,0,0,0,0,0,0,0,0,0,0,0,0,0,0,0,0,0,0,0,0,0,0,0,0,0,1,0,0,0,0,0,0,0,0,0,0,0,0,0,0,0,0,0,0,0,0,0,0,0,0,0,0,0,0,0,0,0,0,0,0,0,0,0,0,0,0,0,0,0,0,0,0,0,0,0,0,0,0,0,0,0,0,0,0,0,0,0,0,0,0,0,0,0,0,0,8,0,0,0,0,0,0,0,0,0,0,0,0,0,0,0,0,0,0,0,0,0,0,0,0,0,0,0,0,0,0,1,0,0,0,0,0,0,1,0,1,0,0,0,0,0,0,0,0,0,0,0,0,0,0,0,0,0,0,0,0,0,0,0,0,0,0,0,0,0,0,0,2,0,0,0,1,0,0,0,0,0,0,0,0,0,0,0,0,0,0,0,0,0,0,0,0,0,0,0,2,0,2,2,1,1,2,0,0,0,0,0,0,0,0,0,0,0,0,0,0,0,0
37,65914,888,32,48,388,57,0,2337,8,20,1,1,3,6,0,7,0,0,0,1,1348,1,23,1272,1205,0,0,228,4,0,0,1017,990,935,0,0,0,0,0,2,756,705,0,0,631,0,0,2,4,0,41,576,1,538,4,410,0,0,0,0,0,480,0,93,3,6,7,0,3,337,0,3,2,0,0,36,1,1,318,94,296,0,4,0,0,5,252,1,2,245,0,0,7,0,0,0,0,5,0,1,0,0,1,0,0,0,0,45,0,0,0,174,0,34,168,0,0,1,19,0,146,0,0,136,91,0,0,133,0,1,121,0,0,0,0,1,0,16,0,0,2,0,0,0,0,93,0,0,0,0,0,1,0,1,1,76,0,0,72,75,0,0,0,0,1,0,0,0,0,0,0,4,1,0,0,0,0,44,0,0,0,0,0,1,0,0,0,0,0,0,1,0,0,0,0,0,0,0,0,0,0,0,0,0,0,0,0,0,10,0,0,0,0,0,0,18,0,0,0,0,0,0,0,0,0,0,0,0,0,0,0,0,0,0,0,0,0,0,0,0,0,0,0,0,0,0,0,0,0,0,0,0,0,0,0,0,0,0,0,0,0,0,0,1,0,0,0,0,0,0,0,0,0,0,0,0,0,0,0,0,0,0,0,0,0,0,0,0,0,0,0,0,0,0,1,0,0,0,0,0,0,0,0,0,0,0,0,0,0,0,0,0,0,0,0,0,0,0,0,0,0,0,0,0,0,0,0,0,0,0,0,0,0,0,0,0,0,0,0,0,0,0,0,0,0,0,0,0,0,0,0,0,0,0,0,0,0,0,0,0,0,0,0,0,8,0,0,0,0,0,0,0,0,0,0,0,0,0,0,0,0,0,0,0,0,0,0,0,0,0,0,0,0,0,0,1,0,0,0,0,0,0,1,0,1,0,0,0,0,0,0,0,0,0,0,0,0,0,0,0,0,0,0,0,0,0,0,0,0,0,0,0,0,0,0,0,2,0,0,0,1,0,0,0,0,0,0,0,0,0,0,0,0,0,0,0,0,0,0,0,0,0,0,0,2,0,2,2,1,1,2,0,0,0,0,0,0,0,0,0,0,0,0,0,0,0,0
38,66337,1128,45,79,593,100,0,3150,18,23,6,1,9,15,0,12,0,0,0,2,1349,3,25,1272,1205,0,0,241,7,0,0,1018,990,935,1,0,0,1,0,4,756,705,0,0,631,0,0,3,4,0,42,576,1,538,4,411,0,0,0,0,1,480,0,102,3,11,8,0,3,337,0,3,2,0,0,41,1,1,318,95,296,0,7,0,0,6,252,4,4,245,0,0,13,0,0,0,0,9,0,1,0,0,1,0,0,0,0,45,0,0,0,174,0,39,168,0,0,1,21,0,146,0,0,136,91,0,0,133,0,1,121,0,2,0,0,1,0,16,0,0,3,0,0,0,0,93,0,0,0,0,0,1,0,1,1,76,0,0,73,75,0,0,0,0,1,0,0,0,0,0,0,6,1,0,0,0,0,44,0,0,0,0,0,1,0,0,0,0,0,0,1,0,0,0,0,0,0,0,0,0,0,0,1,0,0,0,0,0,10,0,0,0,0,0,0,18,0,0,0,0,0,0,0,0,0,0,0,0,0,0,0,0,0,0,0,0,0,0,0,0,0,0,0,0,0,0,0,0,0,0,0,0,0,0,0,0,0,0,0,0,0,0,0,1,0,0,0,0,0,0,0,0,0,0,0,0,0,0,0,0,0,0,0,0,0,0,0,0,0,0,0,0,0,0,1,0,0,0,0,0,0,0,0,0,0,0,0,0,0,0,0,0,0,0,0,0,0,0,0,0,0,0,0,0,0,0,0,0,0,0,0,0,0,0,0,0,0,0,0,0,0,0,0,0,0,0,0,0,0,0,0,0,0,0,0,0,0,0,0,0,0,0,0,0,0,0,0,0,0,0,0,0,0,0,0,0,0,0,0,0,0,0,0,0,0,0,0,0,0,0,0,0,0,0,0,1,0,0,0,0,0,0,1,0,1,0,0,0,0,0,0,0,0,0,0,0,0,0,0,0,0,0,0,0,0,0,0,0,0,0,0,0,0,0,0,0,3,0,1,1,1,0,0,0,0,0,0,0,0,0,0,0,0,0,0,0,0,0,0,0,0,0,0,0,2,0,2,2,1,6,2,0,0,0,0,0,0,0,0,0,0,0,0,0,0,0,0
39,66907,1694,84,130,978,130,0,3736,27,36,10,2,14,19,0,14,0,0,0,2,1349,4,29,1272,1205,0,3,256,10,0,0,1018,990,935,1,0,0,1,6,4,758,705,0,0,631,0,0,6,7,0,42,576,3,538,6,413,0,0,0,0,3,480,0,106,3,15,8,0,3,337,0,3,2,0,0,47,2,1,318,96,296,0,7,0,0,7,252,5,10,245,0,0,19,0,0,0,0,9,0,1,0,1,1,0,0,1,0,45,0,0,0,174,0,40,168,0,0,1,21,0,146,0,0,136,91,0,0,133,0,1,122,0,2,0,0,1,0,16,0,0,3,0,0,0,0,93,0,0,0,0,0,1,0,1,1,76,0,0,73,75,0,0,0,0,1,0,3,0,0,0,0,6,3,0,0,0,0,44,0,0,0,0,0,1,0,0,0,0,0,0,1,0,0,0,0,0,0,0,0,0,0,0,1,0,0,0,0,0,10,0,0,0,0,0,0,18,0,0,0,0,0,0,0,0,0,0,0,0,0,0,0,0,0,0,0,0,0,0,0,0,0,0,0,0,0,0,0,0,0,0,0,0,0,0,0,0,0,0,0,0,0,0,0,1,0,0,0,0,0,0,0,0,0,0,0,0,0,0,0,0,0,0,0,0,0,0,0,0,0,0,0,0,0,0,1,0,0,0,0,0,0,0,0,0,0,0,0,0,0,0,0,0,0,0,0,0,0,0,0,0,0,0,0,0,0,0,0,0,0,0,0,0,0,0,0,0,0,0,0,0,0,0,0,0,0,0,0,0,0,0,0,0,0,0,0,0,0,0,0,0,0,0,0,0,0,0,0,0,0,0,0,0,0,0,0,0,0,0,0,0,0,0,0,0,0,0,0,0,0,0,0,0,0,0,0,1,0,0,0,0,0,0,1,0,1,0,0,0,0,0,0,0,0,0,0,0,0,0,0,0,0,0,0,0,1,0,0,0,0,0,0,0,0,0,0,0,3,0,1,2,1,0,0,0,0,0,0,0,0,0,0,0,0,0,0,0,0,0,0,0,0,0,0,0,2,0,2,2,1,9,3,0,0,0,0,0,0,0,0,0,0,0,0,0,0,0,0
40,67103,2036,120,159,1501,191,0,4335,42,40,18,8,18,25,0,15,0,0,2,2,1350,4,29,1272,1206,0,3,274,10,0,0,1018,990,935,1,0,0,1,6,4,758,705,0,0,631,0,0,6,7,0,43,576,6,538,6,414,2,1,0,0,3,480,0,108,3,18,8,0,5,337,0,3,3,0,0,49,2,1,318,100,296,0,9,0,0,7,252,5,13,245,0,0,26,0,0,0,0,9,0,1,0,1,3,0,0,1,0,56,0,0,0,174,0,41,168,0,0,8,21,0,146,1,0,136,91,0,0,133,0,1,122,0,2,1,0,1,1,16,0,0,3,0,0,0,0,93,0,0,0,0,0,1,0,1,1,76,0,0,74,75,0,0,1,0,1,0,3,0,0,0,0,6,3,0,0,0,0,45,0,0,0,0,0,1,0,0,0,0,0,0,1,0,0,0,0,0,0,0,0,0,0,0,1,0,1,0,0,0,10,0,0,0,0,0,0,18,0,0,0,0,0,0,0,0,0,0,0,0,0,0,0,0,0,0,0,0,0,0,0,0,0,0,0,0,0,0,0,0,0,0,0,0,0,0,0,0,0,0,0,0,0,0,0,1,0,0,0,0,0,0,0,0,0,0,0,0,0,0,0,0,0,0,0,0,0,0,0,0,0,0,0,0,0,0,1,0,0,0,0,0,0,0,0,0,0,0,0,0,0,0,0,0,0,0,0,0,0,0,0,0,0,0,0,0,0,0,0,0,0,0,0,0,0,0,0,0,0,0,0,0,0,0,0,0,0,0,0,0,0,0,0,0,0,0,0,0,0,0,0,0,0,0,0,0,0,0,0,0,0,0,0,0,0,0,0,0,0,0,0,0,0,0,0,0,0,0,0,0,0,0,0,0,0,1,0,1,0,0,0,0,0,0,1,0,1,0,0,1,1,1,1,1,1,0,0,0,0,0,0,0,0,0,0,0,2,0,0,0,0,0,0,0,0,0,0,0,9,0,2,4,1,0,0,0,0,0,0,0,0,0,0,0,0,0,0,0,0,0,0,0,0,0,0,0,2,0,2,2,1,14,4,0,0,0,0,0,0,0,0,0,0,0,0,0,0,0,0
41,67217,2502,165,196,2336,204,0,5186,56,51,24,13,21,32,0,21,0,0,2,2,1350,6,36,1272,1213,0,5,293,12,0,0,1018,990,935,2,0,0,1,7,5,758,706,0,0,631,1,0,6,7,0,43,576,11,538,13,414,2,1,0,0,7,480,0,110,3,20,9,0,5,338,0,3,3,0,0,49,2,2,318,100,296,0,9,0,0,9,252,5,13,245,0,0,32,0,1,0,0,11,0,1,0,1,5,0,0,1,0,56,0,0,0,174,0,42,168,0,0,10,27,0,146,1,0,136,91,0,0,133,0,1,125,0,2,1,0,1,1,16,1,0,3,0,0,0,0,93,0,0,0,0,0,1,0,1,1,76,0,0,74,75,1,0,2,0,1,0,3,0,0,0,0,12,3,0,0,0,0,45,0,0,0,0,0,1,0,0,0,0,0,0,1,0,0,0,0,0,0,0,0,0,0,0,1,0,1,0,0,0,10,0,0,0,0,0,0,18,0,0,0,0,0,0,0,0,0,0,0,0,0,0,0,0,0,0,0,0,0,0,0,0,0,0,0,0,0,0,0,0,0,0,0,0,0,0,0,0,0,0,0,0,0,0,0,1,0,0,0,0,0,0,0,0,0,0,0,0,0,0,0,0,0,0,0,0,0,0,0,0,0,0,0,0,0,0,1,0,0,0,0,0,0,0,0,0,0,0,0,0,0,0,0,0,0,0,0,0,0,0,0,0,0,0,0,0,0,0,0,0,0,0,0,0,0,0,0,0,0,0,0,0,1,0,0,0,0,0,0,0,0,0,0,0,0,0,0,0,0,0,0,0,0,0,0,0,0,0,0,0,0,0,0,0,0,0,0,0,0,0,0,0,0,0,0,0,0,0,0,0,0,0,0,0,0,1,0,1,0,0,0,0,0,0,1,1,1,1,1,2,2,1,2,1,1,2,0,0,0,0,0,0,0,0,0,0,2,0,0,0,0,0,0,0,0,0,0,0,11,0,2,6,1,0,0,0,0,0,0,0,0,0,0,0,0,0,0,0,0,0,0,0,0,0,0,0,2,0,2,2,1,21,4,0,0,0,0,0,0,0,0,0,0,0,0,0,0,0,0
42,67332,3089,222,262,2922,285,0,5621,90,85,38,23,29,56,0,35,0,0,5,4,1350,10,50,1272,1213,0,8,331,15,0,0,1018,990,935,6,0,0,1,10,5,758,706,0,1,631,1,0,6,9,0,43,576,26,538,22,418,2,1,0,0,8,480,0,110,4,20,12,0,28,338,0,3,3,0,0,52,2,2,318,105,296,0,10,0,0,10,252,5,13,245,0,0,35,0,1,0,0,11,0,1,0,1,12,0,0,1,0,56,0,0,0,174,0,42,168,0,0,16,27,0,146,1,0,136,91,0,0,133,2,1,125,0,2,1,1,1,1,16,1,0,5,0,0,0,0,93,0,0,0,0,0,1,0,1,6,76,0,1,75,75,1,0,4,0,3,0,3,0,0,0,0,15,3,0,0,0,0,45,0,0,0,0,0,1,0,0,1,0,0,0,1,0,0,0,0,0,0,0,0,0,0,0,1,0,1,0,0,0,10,0,0,0,0,0,0,18,0,0,0,0,1,0,0,0,0,0,0,0,0,0,0,0,0,0,0,0,0,0,0,0,0,0,0,0,0,3,0,0,0,1,0,0,0,0,0,0,0,0,0,0,0,0,0,1,0,0,0,0,0,0,0,0,0,0,0,0,0,0,0,0,0,0,0,0,0,0,0,0,0,0,0,0,0,0,1,0,0,0,0,0,0,0,0,0,0,0,0,0,0,0,0,0,0,0,0,0,0,0,0,0,0,0,0,0,0,0,0,0,0,0,0,0,0,0,0,0,0,0,0,0,1,0,0,0,0,0,0,0,0,0,0,0,0,0,0,0,0,0,0,0,0,0,0,0,0,0,0,0,0,0,0,0,0,0,0,0,0,0,0,0,0,0,0,0,0,0,0,0,0,0,0,0,0,1,0,1,0,0,0,0,0,1,3,1,1,1,10,2,2,2,2,1,1,2,0,0,0,0,0,0,0,0,0,0,2,0,0,0,0,0,0,0,0,0,0,0,11,0,2,8,1,0,0,0,0,0,0,0,0,0,0,0,0,0,0,0,0,0,0,0,0,0,0,0,2,0,2,2,7,31,4,0,0,0,0,0,0,0,0,0,0,0,0,0,0,0,0
43,67466,3858,259,482,3513,377,0,6088,114,115,82,50,41,87,0,94,0,0,8,4,1351,10,50,1272,1215,0,12,360,20,0,0,1018,990,935,6,0,0,1,13,5,758,706,0,1,631,4,0,12,31,0,47,576,34,539,22,418,2,5,0,0,8,481,0,117,6,22,13,2,30,339,0,3,4,0,0,55,3,3,318,105,296,0,10,1,0,10,252,5,16,245,0,0,35,0,1,0,0,13,0,2,0,1,12,0,0,1,0,58,0,0,0,174,0,44,168,0,0,21,29,0,146,1,0,136,102,0,0,133,2,1,125,2,3,2,1,1,1,16,1,0,5,0,0,0,0,93,0,0,0,0,0,1,0,1,6,76,0,1,75,75,1,0,4,0,3,0,6,0,0,0,0,16,4,0,0,0,0,45,0,0,0,0,0,1,0,0,1,0,0,0,1,0,0,0,0,0,0,0,0,0,0,0,1,0,1,0,0,0,10,0,0,0,0,0,0,18,0,0,0,0,1,0,0,0,0,0,0,0,0,0,0,0,0,0,0,0,0,0,0,0,0,0,0,0,0,3,0,0,0,1,0,0,0,0,0,0,0,0,0,0,0,0,0,1,0,0,0,0,0,0,0,0,0,0,0,0,0,0,0,0,0,0,0,0,0,0,0,0,0,0,0,0,0,0,1,0,0,0,0,0,0,0,0,0,0,0,0,0,0,0,0,0,0,0,0,0,0,0,0,0,0,0,0,0,0,0,0,0,0,0,0,0,0,0,0,0,0,0,0,0,1,0,0,0,0,0,0,0,0,0,0,0,0,0,0,0,0,0,0,0,0,0,0,0,0,0,0,0,0,0,0,0,0,0,0,0,0,0,0,0,0,0,0,0,0,0,0,0,0,0,0,0,0,4,0,1,0,0,2,2,2,1,3,1,1,1,18,2,2,2,2,1,1,2,1,1,1,0,0,0,0,0,0,0,2,0,0,0,1,0,0,1,0,0,0,0,20,1,2,18,1,0,0,0,0,0,0,0,0,0,0,0,0,0,0,0,0,0,0,0,0,0,0,0,2,0,3,2,11,51,5,0,0,0,0,0,0,0,0,0,0,0,0,0,0,0,0
44,67592,4636,400,670,4747,653,0,6593,214,163,128,109,55,108,0,101,0,0,13,13,1352,23,83,1272,1215,0,18,420,37,0,0,1018,990,935,18,0,0,2,13,6,758,696,0,5,631,4,0,15,45,0,48,576,43,539,26,422,4,5,0,0,8,481,0,130,9,25,21,7,31,342,0,5,13,1,0,60,15,10,318,107,296,0,10,1,1,11,252,6,22,245,0,0,40,1,2,0,1,13,0,2,0,2,17,0,0,1,0,58,0,1,0,174,0,45,168,0,0,21,29,0,146,1,0,136,119,0,1,133,2,1,125,2,3,2,1,3,1,16,1,0,7,0,0,0,0,93,0,0,0,0,0,1,0,1,6,76,0,1,75,75,1,0,4,0,4,0,6,0,0,0,0,16,4,0,0,0,0,45,0,0,0,0,0,1,1,0,1,0,0,0,1,0,0,0,0,0,0,0,0,0,0,0,1,0,1,0,0,0,10,0,0,0,0,0,0,18,0,1,0,0,1,0,0,0,0,0,0,0,0,0,0,0,0,0,0,0,0,0,0,0,0,0,0,0,0,3,0,0,0,0,0,0,0,0,0,0,0,0,0,0,0,0,0,1,0,0,1,0,0,0,0,0,0,0,0,0,0,0,0,0,0,0,0,0,0,0,0,0,0,0,0,0,0,1,1,0,0,0,0,0,0,0,0,1,0,0,0,0,0,0,0,0,0,0,0,0,0,0,0,0,0,0,0,0,0,0,0,0,0,0,0,0,0,0,0,0,0,0,0,0,1,0,0,0,0,0,0,0,0,0,0,0,0,0,0,0,0,0,0,0,0,0,0,0,0,0,0,0,0,0,0,0,0,0,0,0,0,0,0,0,0,0,0,0,0,0,0,0,0,0,0,0,0,11,3,3,2,1,2,3,2,3,3,2,2,1,19,2,2,5,2,1,1,2,1,1,1,1,0,0,0,0,0,0,2,1,1,1,1,1,1,1,1,1,1,1,20,1,2,19,1,0,0,0,0,0,0,0,0,0,0,0,0,0,0,0,0,0,0,0,0,0,0,0,2,0,3,2,13,58,5,0,0,0,0,0,0,0,0,0,0,0,0,0,0,0,0
45,67666,5883,500,799,5823,949,0,7041,268,206,188,169,79,147,0,161,0,0,20,13,1352,23,93,1272,1215,0,19,461,43,0,0,1018,990,935,18,0,0,2,13,6,758,696,0,5,631,4,0,15,46,0,50,576,50,539,28,426,4,5,0,0,8,481,0,138,9,28,21,7,34,342,0,6,13,1,0,85,15,10,318,108,296,0,11,1,2,12,252,6,22,245,0,0,54,1,8,0,1,13,0,3,0,2,17,0,0,1,0,61,0,1,0,174,0,45,168,0,0,23,45,0,146,1,0,136,120,0,1,133,4,1,125,3,3,2,1,3,1,18,1,0,7,0,0,0,0,93,0,3,0,0,0,1,0,1,6,76,0,1,75,75,1,0,4,0,5,0,9,0,0,0,0,16,4,0,0,0,0,45,0,0,0,0,0,1,1,2,1,0,0,0,1,0,21,0,0,0,0,0,0,0,0,0,1,0,1,0,0,0,10,0,0,0,0,5,0,18,0,1,0,0,1,0,0,0,0,0,0,0,0,0,0,0,0,0,0,0,0,0,0,0,0,0,0,0,0,3,0,0,0,0,0,0,0,0,0,0,0,0,0,0,0,0,0,1,0,0,1,0,0,0,0,0,0,0,0,0,0,0,0,0,0,0,0,0,0,0,0,0,0,0,0,0,0,1,1,1,0,0,0,0,0,0,0,1,0,0,0,0,0,0,0,0,0,0,0,0,0,0,0,0,1,0,0,0,0,0,0,0,0,1,1,0,1,1,1,2,2,2,2,2,2,0,0,0,0,0,0,0,0,0,0,0,0,0,0,0,0,0,0,0,0,0,0,0,0,0,0,1,0,0,0,0,0,0,0,0,0,0,0,0,0,0,0,0,0,0,0,0,0,0,0,0,0,11,3,3,2,1,4,5,9,3,3,2,2,1,57,2,2,5,2,1,1,3,1,1,1,1,1,1,1,1,1,3,3,1,1,1,3,1,1,4,1,1,1,1,32,1,3,27,1,0,0,0,0,0,0,0,0,0,0,0,0,0,0,0,0,0,0,0,0,0,0,0,2,0,3,2,14,71,6,0,0,0,0,0,0,0,0,0,0,0,0,0,0,0,0
46,67707,7375,673,1040,6566,1126,0,7314,337,273,265,200,104,176,0,203,0,0,30,20,1352,35,99,1272,1215,0,31,502,61,0,0,1018,990,935,19,0,0,3,14,6,758,696,0,11,631,8,0,23,73,0,50,576,50,539,38,428,6,11,0,0,15,481,0,150,15,29,27,16,39,342,0,10,17,6,0,85,49,10,318,114,296,0,11,3,4,12,252,7,32,245,0,0,60,1,12,0,1,15,0,4,0,5,19,0,0,1,0,64,4,3,0,174,0,45,168,0,0,36,45,0,146,2,0,136,124,0,5,133,7,1,125,3,3,2,2,3,1,30,1,0,7,0,0,0,1,93,0,3,0,0,0,2,0,1,6,76,0,2,75,75,1,0,4,0,5,0,9,0,0,0,0,16,13,0,0,0,0,45,0,0,0,0,0,4,2,2,1,0,0,0,1,0,21,0,0,3,0,0,0,0,0,0,1,1,2,0,0,0,10,0,0,0,0,5,0,18,0,1,0,0,1,0,0,0,0,4,0,0,0,0,0,0,0,0,0,0,0,0,0,0,0,0,0,0,0,3,0,0,0,0,0,0,0,0,0,0,0,0,0,0,0,0,0,1,0,0,1,0,0,0,0,0,0,0,0,0,0,0,0,0,0,0,0,0,0,0,0,0,0,0,0,0,0,1,1,2,1,1,1,1,1,1,1,1,1,1,1,1,1,1,1,1,1,1,1,1,0,2,4,2,1,0,0,0,0,0,0,0,0,1,1,0,1,1,1,2,2,2,2,2,2,0,0,0,0,0,0,0,0,0,0,0,0,0,0,0,0,0,0,0,0,0,0,0,0,0,0,1,0,0,0,0,0,0,1,0,0,0,0,0,0,0,0,0,0,0,0,0,0,0,0,0,0,12,4,8,2,1,4,5,9,9,3,6,2,1,83,3,2,5,2,1,1,3,1,1,1,1,1,1,1,4,1,3,3,1,1,1,6,1,7,5,1,2,1,1,38,2,8,31,1,0,0,0,0,0,0,0,0,0,0,0,0,0,0,0,0,0,0,0,0,0,0,0,2,0,3,2,14,83,7,0,0,0,0,0,0,0,0,0,0,0,0,0,0,0,0
47,67743,9172,1073,1176,7161,1209,0,7478,374,321,321,239,131,205,0,248,0,0,30,25,1352,90,117,1272,1215,0,31,511,61,0,0,1018,990,935,21,0,0,3,15,6,758,696,0,16,631,8,0,30,73,0,50,576,58,539,48,428,19,15,0,0,18,481,0,150,15,34,32,16,43,342,0,20,17,7,0,95,55,10,318,115,296,0,15,3,7,12,252,7,32,245,0,0,60,1,12,0,1,15,0,4,0,5,20,0,0,1,0,64,4,3,0,174,0,45,168,0,0,36,45,0,146,6,0,136,124,0,9,133,9,1,125,3,4,2,2,3,1,30,1,0,7,0,0,2,1,93,0,3,0,2,1,2,0,1,6,76,0,2,75,75,1,0,4,0,5,0,9,0,0,0,0,16,15,0,0,0,0,45,0,0,0,0,0,4,2,2,1,0,0,0,2,0,21,0,0,3,0,0,0,0,0,0,1,1,2,0,0,0,10,0,0,0,0,5,0,18,0,1,0,0,1,0,0,0,0,4,0,0,0,0,0,0,0,0,0,0,0,0,0,0,0,0,0,0,2,1,0,0,0,0,0,0,0,0,0,0,0,0,0,0,0,0,0,1,0,0,1,0,0,0,0,0,0,0,0,0,0,0,0,0,0,0,0,0,0,0,0,0,0,0,0,0,0,1,1,2,2,1,1,1,1,1,1,1,1,1,1,1,1,1,2,1,1,1,1,1,3,2,5,2,1,0,0,0,0,0,0,0,0,1,1,1,3,1,1,2,4,2,2,3,2,2,1,1,0,0,0,0,0,0,0,0,0,0,0,0,0,0,0,0,0,0,0,0,0,0,0,1,0,1,1,1,1,1,1,0,0,0,0,0,0,0,0,0,0,0,0,0,0,0,0,0,0,19,4,8,2,1,4,6,9,9,4,6,2,1,98,3,2,7,2,3,1,5,1,1,1,3,1,1,1,4,1,3,3,1,1,1,6,1,7,17,1,2,1,1,38,2,8,31,1,0,0,0,0,0,0,0,0,0,0,0,0,0,0,0,0,0,0,0,0,0,0,0,2,0,3,2,14,83,7,0,0,0,0,0,0,0,0,0,0,0,0,0,0,0,0
48,67760,10149,1695,1457,8042,1784,173,7513,491,382,382,267,182,400,267,355,15,144,41,31,1353,262,129,1272,1215,0,41,581,83,12,0,1018,990,935,34,1,15,5,15,16,758,696,92,22,631,13,13,40,89,17,53,576,69,539,55,429,27,20,12,7,24,481,15,160,25,36,32,31,56,344,3,33,20,11,3,110,59,12,318,120,296,7,18,7,7,14,252,7,41,245,1,8,71,3,17,2,5,18,7,4,0,5,20,6,7,1,4,69,4,7,2,174,3,47,168,0,15,51,74,6,146,8,0,136,125,0,9,133,9,1,125,5,6,3,2,7,1,31,1,5,7,1,6,3,3,93,8,5,0,10,1,2,3,1,9,76,1,5,75,75,1,0,4,2,5,4,11,1,0,0,0,18,15,1,0,3,0,46,2,0,0,0,0,5,2,2,1,0,1,0,2,0,21,0,0,3,0,0,0,0,0,0,1,1,2,0,0,0,10,0,0,0,0,5,0,18,0,1,0,0,1,0,0,0,0,6,0,0,0,0,0,1,0,0,0,0,0,0,0,0,0,0,0,0,2,1,0,0,0,1,0,0,0,0,0,0,0,0,0,0,0,0,0,1,0,0,1,0,0,0,0,0,0,0,0,0,0,0,0,0,0,0,0,0,0,0,0,0,0,0,0,0,0,1,1,0,0,0,0,0,0,0,0,0,0,0,0,0,0,0,0,0,0,0,0,0,0,0,0,0,0,0,0,0,0,0,0,0,0,0,0,0,0,0,0,0,0,0,0,0,0,0,0,0,0,0,0,0,0,0,0,0,0,0,0,0,0,0,0,0,0,0,0,0,0,0,0,0,0,0,0,0,0,0,0,0,0,0,0,0,0,0,0,0,0,0,0,0,0,0,0,0,0,0,0,0,0,0,0,0,0,0,0,0,0,0,0,0,0,0,0,0,0,0,0,0,0,0,0,0,0,0,0,0,0,0,0,0,0,0,0,0,0,0,0,0,0,0,0,0,0,0,0,0,0,0,0,0,0,0,0,0,0,0,0,0,0,0,0,0,0,0,0,0,0,0,0,0,0,0,0,0,0,0,0,0,0,0,0,0,0,0,0,0,0,0,0
49,67773,12462,2277,1908,9000,2281,220,7755,652,456,503,314,246,598,366,500,23,177,59,38,1356,442,149,1273,1215,1,91,639,109,25,2,1018,990,935,43,6,28,7,17,19,760,696,95,31,631,23,21,59,99,23,59,576,85,539,65,435,34,21,16,9,262,482,34,178,45,41,39,57,62,344,6,49,20,11,4,195,60,16,318,126,296,7,21,13,19,19,252,8,61,245,8,9,71,9,19,3,12,20,9,8,0,5,20,11,10,1,7,72,7,10,3,174,5,48,168,1,19,62,74,9,146,10,0,136,127,0,13,133,13,3,125,7,9,5,2,7,1,38,1,10,9,1,8,6,3,93,13,6,0,12,11,3,5,2,9,76,2,7,75,75,1,0,4,2,5,5,11,1,0,3,0,18,24,1,0,5,0,46,2,1,1,0,0,7,2,3,1,0,2,1,2,1,21,0,0,3,0,2,0,0,2,0,1,5,3,0,8,0,10,0,0,0,0,5,0,18,1,1,1,0,1,0,1,0,0,8,0,0,0,0,0,1,0,0,0,0,0,0,0,0,0,0,0,0,2,1,0,0,0,1,0,0,0,0,0,0,0,0,0,0,0,0,0,1,0,0,1,0,0,0,0,0,0,0,0,0,0,0,0,0,0,0,0,0,0,0,0,0,0,0,0,0,0,1,1,0,0,0,0,0,0,0,0,0,0,0,0,0,0,0,0,0,0,0,0,0,0,0,0,0,0,0,0,0,0,0,0,0,0,0,0,0,0,0,0,0,0,0,0,0,0,0,0,0,0,0,0,0,0,0,0,0,0,0,0,0,0,0,0,0,0,0,0,0,0,0,0,0,0,0,0,0,0,0,0,0,0,0,0,0,0,0,0,0,0,0,0,0,0,0,0,0,0,0,0,0,0,0,0,0,0,0,0,0,0,0,0,0,0,0,0,0,0,0,0,0,0,0,0,0,0,0,0,0,0,0,0,0,0,0,0,0,0,0,0,0,0,0,0,0,0,0,0,0,0,0,0,0,0,0,0,0,0,0,0,0,0,0,0,0,0,0,0,0,0,0,0,0,0,0,0,0,0,0,0,0,0,0,0,0,0,0,0,0,0,0,0
50,67781,12462,2277,2078,10075,2281,328,7869,652,456,503,314,302,702,442,599,29,221,59,52,1356,615,149,1273,1215,1,94,639,131,32,2,1018,990,935,43,19,35,19,17,20,760,696,108,49,631,23,27,59,99,31,70,576,103,539,65,435,34,45,22,18,262,482,45,178,49,42,46,89,73,344,8,52,28,15,5,195,67,16,318,129,296,15,21,17,19,19,252,12,61,245,11,12,71,9,19,5,19,20,17,9,1,5,24,13,12,4,14,80,7,16,5,174,9,49,168,6,24,69,85,9,146,10,0,136,127,0,22,133,13,3,125,11,9,6,2,7,1,39,1,10,9,1,10,6,3,93,16,6,0,23,11,3,5,2,12,76,2,7,75,75,1,0,4,2,5,6,11,1,0,5,0,18,24,2,0,10,0,46,2,1,1,0,0,7,2,3,1,3,2,1,2,1,21,0,1,3,0,2,0,1,2,0,2,5,3,0,8,0,10,0,0,0,0,5,0,18,1,1,2,0,1,0,1,0,0,8,0,0,0,0,0,1,0,0,1,0,0,0,0,0,0,0,0,0,2,1,0,0,0,1,0,0,0,0,0,0,0,0,0,0,0,0,0,1,0,0,1,0,0,0,0,0,0,0,0,0,0,0,0,0,0,0,0,0,0,0,0,0,0,0,0,0,0,1,1,0,0,0,0,0,0,0,0,0,0,0,0,0,0,0,0,0,0,0,0,0,0,0,0,0,0,0,0,0,0,0,0,0,0,0,0,0,0,0,0,0,0,0,0,0,0,0,0,0,0,0,0,0,0,0,0,0,0,0,0,0,0,0,0,0,0,0,0,0,0,0,0,0,0,0,0,0,0,0,0,0,0,0,0,0,0,0,0,0,0,0,0,0,0,0,0,0,0,0,0,0,0,0,0,0,0,0,0,0,0,0,0,0,0,0,0,0,0,0,0,0,0,0,0,0,0,0,0,0,0,0,0,0,0,0,0,0,0,0,0,0,0,0,0,0,0,0,0,0,0,0,0,0,0,0,0,0,0,0,0,0,0,0,0,0,0,0,0,0,0,0,0,0,0,0,0,0,0,0,0,0,0,0,0,0,0,0,0,0,0,0,0
51,67786,17660,5232,3675,11364,3661,421,7979,1139,798,804,559,504,996,568,814,29,282,112,151,1356,801,197,1273,1215,5,141,701,161,46,16,1018,990,935,90,36,50,34,17,28,760,696,123,68,631,43,43,155,190,42,75,576,134,539,92,436,69,86,41,26,320,482,49,200,89,74,64,141,82,346,19,64,45,28,13,189,80,79,318,134,296,17,36,24,29,32,252,12,77,245,27,18,101,13,31,11,35,35,30,17,1,5,26,13,13,8,17,80,23,32,9,174,14,50,168,6,30,80,85,9,146,17,5,136,127,0,23,133,19,6,125,13,14,7,3,14,1,47,1,10,16,2,14,14,6,93,17,12,1,33,37,5,14,6,27,76,2,16,75,75,3,0,10,2,5,6,15,5,4,10,1,19,25,2,2,13,0,46,2,5,4,0,1,7,2,3,1,4,2,1,2,2,21,0,1,3,0,2,0,1,3,0,2,6,5,0,8,1,10,4,0,0,1,5,0,18,1,1,8,1,1,3,1,0,0,9,2,0,0,1,0,1,2,0,1,0,0,0,0,0,0,0,0,0,2,1,0,0,0,1,0,0,0,0,0,1,0,0,0,0,0,1,0,1,0,0,1,0,0,0,0,0,0,1,0,0,0,0,0,0,0,0,1,0,0,0,0,0,0,0,0,0,0,1,1,0,0,0,0,0,0,0,0,0,0,0,0,0,0,0,0,0,0,0,0,0,0,0,0,0,0,0,0,0,0,0,0,0,0,0,0,0,0,0,0,0,0,0,0,0,0,0,0,0,0,0,0,0,0,0,0,0,0,0,0,0,0,0,0,0,0,0,0,0,0,0,0,0,0,0,0,0,0,0,0,0,0,0,0,0,0,0,0,0,0,0,0,0,0,0,0,0,0,0,0,0,0,0,0,0,0,0,0,0,0,0,0,0,0,0,0,0,0,0,0,0,0,0,0,0,0,0,0,0,0,0,0,0,0,0,0,0,0,0,0,0,0,0,0,0,0,0,0,0,0,0,0,0,0,0,0,0,0,0,0,0,0,0,0,0,0,0,0,0,0,0,0,0,0,0,0,0,0,0,0,0,0,0,0,0,0,0,0,0,0,0,0
52,67790,21157,6391,4585,12729,4469,525,8086,1359,1140,959,689,655,1090,572,961,69,340,169,151,1356,827,238,1273,1227,5,189,773,193,64,25,1018,990,935,129,77,76,51,28,31,760,696,138,103,631,61,57,225,228,66,82,576,156,539,112,437,96,103,47,32,337,482,101,212,123,79,64,181,102,353,27,111,59,38,26,210,109,115,318,140,296,24,49,38,29,38,252,26,93,245,36,26,110,22,34,22,46,46,41,17,6,11,37,16,19,18,21,104,41,44,10,174,21,53,168,12,32,80,85,12,146,26,6,136,129,4,26,133,30,8,125,18,17,17,9,14,1,53,1,10,19,4,14,26,12,93,17,18,3,38,40,7,20,10,27,76,2,18,75,75,3,2,10,4,6,7,15,8,6,10,1,19,30,5,2,14,2,46,4,6,6,0,2,11,2,9,4,4,2,5,2,2,21,0,1,3,0,2,3,2,10,3,2,6,5,0,9,1,10,4,1,1,1,5,0,18,1,1,8,1,1,3,1,0,0,10,2,0,0,1,0,1,2,2,1,0,0,0,1,1,0,0,0,1,2,1,0,0,0,1,0,0,2,0,0,1,1,1,0,0,1,1,0,1,0,1,1,0,0,0,0,0,0,1,0,0,0,0,0,0,0,0,1,0,0,0,0,0,0,1,0,0,0,1,1,0,0,0,0,0,0,0,0,0,0,0,0,0,0,0,0,0,0,0,0,0,0,0,0,0,0,0,0,0,0,0,0,0,0,0,0,0,0,0,0,0,0,0,0,0,0,0,0,0,0,0,0,0,0,0,0,0,0,0,0,0,0,0,0,0,0,0,0,0,0,0,0,0,0,0,0,0,0,0,0,0,0,0,0,0,0,0,0,0,0,0,0,0,0,0,0,0,0,0,0,0,0,0,0,0,0,0,0,0,0,0,0,0,0,0,0,0,0,0,0,0,0,0,0,0,0,0,0,0,0,0,0,0,0,0,0,0,0,0,0,0,0,0,0,0,0,0,0,0,0,0,0,0,0,0,0,0,0,0,0,0,0,0,0,0,0,0,0,0,0,0,0,0,0,0,0,0,0,0,0,0,0,0,0,0,0,0,0,0,0,0,0
53,67794,24747,7798,5795,13938,4499,732,8162,2200,1140,1135,886,860,1221,643,1022,98,426,245,162,1360,864,428,1273,1231,6,253,839,251,93,33,1018,990,935,129,91,115,59,28,53,760,696,164,119,631,74,72,244,331,99,114,576,171,539,134,442,117,103,66,39,401,482,131,226,131,104,73,219,113,353,32,140,63,43,37,214,110,171,318,145,296,33,57,51,39,49,252,41,110,245,43,32,116,34,45,24,48,61,45,24,10,11,48,20,28,26,24,112,51,54,28,174,35,59,168,16,36,101,98,13,146,30,12,136,133,4,27,133,32,12,125,24,17,28,11,14,1,56,8,16,20,5,20,26,23,93,18,21,12,42,50,7,20,18,27,76,3,18,75,75,3,10,24,7,8,13,23,8,9,13,3,22,33,8,2,17,2,46,6,7,7,1,5,16,2,9,4,4,3,7,2,2,21,0,1,5,3,3,6,3,10,5,2,6,6,0,9,1,10,4,1,1,1,7,0,18,2,1,10,3,1,3,1,0,0,13,2,0,0,1,1,1,2,2,4,1,1,0,1,1,0,0,0,1,2,1,0,0,0,1,1,1,2,0,0,1,1,1,0,0,2,1,0,1,0,1,1,0,0,2,0,1,0,1,0,0,0,0,0,0,0,0,1,0,0,0,0,0,0,1,0,0,0,1,1,0,0,0,0,0,0,0,0,0,0,0,0,0,0,0,0,0,0,0,0,0,0,0,0,0,0,0,0,0,0,0,0,0,0,0,0,0,0,0,0,0,0,0,0,0,0,0,0,0,0,0,0,0,0,0,0,0,0,0,0,0,0,0,0,0,0,0,0,0,0,0,0,0,0,0,0,0,0,0,0,0,0,0,0,0,0,0,0,0,0,0,0,0,0,0,0,0,0,0,0,0,0,0,0,0,0,0,0,0,0,0,0,0,0,0,0,0,0,0,0,0,0,0,0,0,0,0,0,0,0,0,0,0,0,0,0,0,0,0,0,0,0,0,0,0,0,0,0,0,0,0,0,0,0,0,0,0,0,0,0,0,0,0,0,0,0,0,0,0,0,0,0,0,0,0,0,0,0,0,0,0,0,0,0,0,0,0,0,0,0,0,0
54,67798,27980,9942,7272,14991,6633,967,8236,2200,1543,1413,1058,1018,1333,904,1103,178,557,331,200,1361,914,566,1273,1231,18,298,825,255,105,53,1018,990,935,169,136,155,77,37,136,760,696,197,177,631,155,85,277,331,121,147,576,180,539,171,452,134,118,77,52,439,482,160,243,158,177,103,253,119,355,47,142,90,86,50,214,150,205,318,155,296,38,71,62,56,57,252,53,99,245,55,41,124,54,56,30,55,68,49,50,13,11,54,25,33,52,45,123,52,63,39,176,54,67,168,22,39,109,98,18,146,34,29,136,133,8,35,133,39,17,125,25,28,29,18,18,2,61,17,22,29,6,21,33,23,93,23,30,17,51,54,7,21,28,36,76,15,20,75,75,7,17,24,10,8,17,15,11,10,17,6,22,33,12,7,18,4,47,7,9,8,6,5,21,4,15,4,4,6,7,2,2,20,5,1,8,3,6,6,3,11,5,7,8,7,0,10,1,11,7,5,2,2,11,0,18,6,1,10,3,1,3,1,0,0,13,2,1,0,5,1,1,2,3,4,1,1,0,1,1,1,0,1,1,2,3,0,0,0,1,1,1,2,0,0,1,1,1,1,0,2,1,0,1,0,1,1,0,0,2,1,1,0,1,0,0,0,0,0,0,0,0,1,0,0,0,0,1,0,1,0,0,0,1,1,0,0,0,0,0,0,0,0,0,0,0,0,0,0,0,0,0,0,0,0,0,0,0,0,0,0,0,0,0,0,0,0,0,0,0,0,0,0,0,0,0,0,0,0,0,0,0,0,0,0,0,0,0,0,0,0,0,0,0,0,0,0,0,0,0,0,0,0,0,0,0,0,0,0,0,0,0,0,0,0,0,0,0,0,0,0,0,0,0,0,0,0,0,0,0,0,0,0,0,0,0,0,0,0,0,0,0,0,0,0,0,0,0,0,0,0,0,0,0,0,0,0,0,0,0,0,0,0,0,0,0,0,0,0,0,0,0,0,0,0,0,0,0,0,0,0,0,0,0,0,0,0,0,0,0,0,0,0,0,0,0,0,0,0,0,0,0,0,0,0,0,0,0,0,0,0,0,0,0,0,0,0,0,0,0,0,0,0,0,0,0,0
55,67799,31506,11748,9257,16169,7652,1706,8320,2700,1950,1705,1243,1332,1463,1076,1190,267,698,448,321,1364,977,673,1273,1232,47,396,878,337,161,65,1018,990,935,223,196,216,140,58,236,761,696,218,238,631,201,110,321,387,146,177,576,220,540,210,456,172,171,112,74,439,482,160,266,184,185,103,275,142,358,72,187,114,117,67,228,196,225,318,162,296,64,94,62,74,65,253,82,120,246,69,60,154,65,68,68,65,78,67,74,21,21,60,30,47,78,56,130,67,72,51,176,60,77,168,22,66,109,98,20,147,49,39,136,133,29,41,133,50,25,125,26,31,38,47,26,39,66,34,22,29,11,26,46,30,93,23,38,32,55,56,33,23,44,36,76,15,24,75,75,14,33,26,19,12,26,28,18,33,23,18,24,34,12,7,21,5,47,10,9,16,10,8,22,10,16,7,5,6,9,3,3,21,7,3,10,3,8,7,11,11,5,7,9,7,2,11,3,12,8,7,6,2,11,0,18,8,1,12,3,3,3,5,0,2,13,8,1,1,5,1,5,3,4,7,1,3,0,1,1,1,0,1,1,2,3,0,0,0,1,1,1,2,0,0,1,2,3,1,0,2,1,0,1,0,1,1,0,0,2,1,1,0,1,0,1,0,0,0,0,0,0,1,0,0,0,0,1,0,1,0,0,0,1,1,0,0,0,0,0,0,0,0,0,0,0,0,0,0,0,0,0,0,0,0,0,0,0,0,0,0,0,0,0,0,0,0,0,0,0,0,0,0,0,0,0,0,0,0,0,0,0,0,0,0,0,0,0,0,0,0,0,0,0,0,0,0,0,0,0,0,0,0,0,0,0,0,0,0,0,0,0,0,0,0,0,0,0,0,0,0,0,0,0,0,0,0,0,0,0,0,0,0,0,0,0,0,0,0,0,0,0,0,0,0,0,0,0,0,0,0,0,0,0,0,0,0,0,0,0,0,0,0,0,0,0,0,0,0,0,0,0,0,0,0,0,0,0,0,0,0,0,0,0,0,0,0,0,0,0,0,0,0,0,0,0,0,0,0,0,0,0,0,0,0,0,0,0,0,0,0,0,0,0,0,0,0,0,0,0,0,0,0,0,0,0,0
56,67800,35713,13910,12327,17361,9043,2495,8413,3028,2626,2051,1486,1646,1550,1014,1279,267,751,448,372,1370,1057,790,1273,1232,98,464,889,433,162,83,1018,990,935,292,257,314,203,111,299,761,712,218,251,631,238,173,336,418,199,212,576,250,540,267,469,227,171,152,79,452,482,184,313,260,221,186,275,156,361,92,202,147,145,86,256,196,258,318,181,296,70,121,116,97,81,253,93,133,246,86,85,164,93,79,68,83,94,77,94,34,21,74,39,47,84,55,142,92,105,51,176,77,100,168,33,68,119,113,27,146,71,46,136,133,50,50,133,58,27,125,38,35,49,58,35,39,75,52,31,37,18,27,49,30,93,29,38,42,59,68,35,33,51,51,76,20,29,75,75,14,36,31,19,20,26,28,18,35,23,27,39,38,18,8,24,7,47,14,12,19,15,9,22,10,19,28,7,6,11,8,4,21,12,6,14,5,9,7,15,12,5,7,11,10,1,11,6,15,15,8,6,3,11,3,18,11,1,13,3,8,3,6,3,2,13,9,3,1,6,3,6,4,4,7,4,3,0,1,1,1,0,1,1,3,3,0,0,0,1,1,1,2,2,0,1,2,3,2,0,2,2,0,1,0,1,1,0,0,2,2,1,0,1,0,1,0,1,0,0,0,0,1,0,0,0,0,1,0,1,1,0,0,1,1,0,0,0,0,0,0,0,0,0,0,0,0,0,0,0,0,0,0,0,0,0,0,0,0,0,0,0,0,0,0,0,0,0,0,0,0,0,0,0,0,0,0,0,0,0,0,0,0,0,0,0,0,0,0,0,0,0,0,0,0,0,0,0,0,0,0,0,0,0,0,0,0,0,0,0,0,0,0,0,0,0,0,0,0,0,0,0,0,0,0,0,0,0,0,0,0,0,0,0,0,0,0,0,0,0,0,0,0,0,0,0,0,0,0,0,0,0,0,0,0,0,0,0,0,0,0,0,0,0,0,0,0,0,0,0,0,0,0,0,0,0,0,0,0,0,0,0,0,0,0,0,0,0,0,0,0,0,0,0,0,0,0,0,0,0,0,0,0,0,0,0,0,0,0,0,0,0,0,0,0,0,0,0,0,0,0,0,0,0,0,0,0
57,67800,41035,17963,15320,18407,10871,5365,8565,4075,2689,2460,1795,2013,1746,1376,1439,742,952,785,621,1378,1151,900,1273,1233,192,694,924,677,422,334,1018,990,935,557,392,417,335,199,454,761,712,328,355,631,238,260,400,418,287,272,576,330,540,307,480,311,274,206,154,460,483,277,345,277,257,231,286,194,363,159,217,199,234,119,278,256,267,318,208,296,123,121,150,119,105,253,118,157,246,109,107,192,102,97,159,103,144,99,121,50,34,87,60,81,115,95,148,94,123,80,176,89,108,168,62,88,119,140,45,146,86,78,137,134,79,69,133,73,36,125,63,52,63,72,48,53,85,69,40,42,31,37,67,49,93,44,53,52,64,75,37,44,60,51,76,33,39,75,75,16,42,31,44,28,44,44,34,44,35,33,48,40,22,16,29,9,47,16,14,30,23,11,22,13,23,28,11,11,11,8,14,22,14,18,17,12,12,11,18,12,5,7,11,10,3,11,9,17,17,8,9,4,11,3,18,11,1,15,7,10,6,9,3,5,13,9,6,2,6,3,6,4,6,7,6,3,0,1,1,2,2,3,1,4,3,0,0,0,1,1,3,3,2,1,3,3,3,2,1,2,2,2,1,0,2,1,0,0,2,2,2,1,1,0,1,0,1,0,0,1,0,1,0,0,0,0,1,0,1,1,0,0,1,1,0,0,0,0,0,0,0,0,0,0,0,0,0,0,0,0,0,0,0,0,0,0,0,0,0,0,0,0,0,0,0,0,0,0,0,0,0,0,0,0,0,0,0,0,0,0,0,0,0,0,0,0,0,0,0,0,0,0,0,0,0,0,0,0,0,0,0,0,0,0,0,0,0,0,0,0,0,0,0,0,0,0,0,0,0,0,0,0,0,0,0,0,0,0,0,0,0,0,0,0,0,0,0,0,0,0,0,0,0,0,0,0,0,0,0,0,0,0,0,0,0,0,0,0,0,0,0,0,0,0,0,0,0,0,0,0,0,0,0,0,0,0,0,0,0,0,0,0,0,0,0,0,0,0,0,0,0,0,0,0,0,0,0,0,0,0,0,0,0,0,0,0,0,0,0,0,0,0,0,0,0,0,0,0,0,0,0,0,0,0,0,0
58,67800,47021,20410,19848,19644,12612,8310,8652,5294,3983,2994,2257,2388,1914,1524,1639,890,1177,1020,793,1395,1255,1030,1273,1234,359,833,963,705,585,552,1018,990,935,683,538,563,484,367,501,762,712,413,425,631,434,394,450,495,420,322,576,409,541,353,491,369,344,303,233,470,484,363,385,308,308,271,341,244,371,207,230,253,234,173,285,285,283,318,256,299,172,121,202,146,128,254,164,163,247,137,149,208,128,128,194,135,184,122,139,80,72,90,86,126,136,114,159,127,137,78,176,115,135,168,96,114,144,140,78,146,111,83,137,134,94,89,133,85,49,126,89,64,77,80,67,75,91,85,71,50,53,47,67,66,93,45,64,56,70,78,51,54,73,69,76,40,54,75,75,29,42,38,49,39,44,44,44,49,43,45,48,43,29,20,37,9,49,26,28,38,33,23,24,20,32,28,16,14,15,12,18,23,15,19,20,14,24,16,19,15,14,11,13,10,14,14,12,17,17,17,12,6,15,12,18,11,9,16,7,10,11,9,6,5,13,10,6,7,9,6,6,5,7,7,6,4,1,3,4,2,2,3,1,4,3,1,3,1,3,3,3,3,2,1,3,3,3,2,1,2,2,2,1,1,2,2,1,2,2,2,2,1,1,0,1,0,1,0,0,1,0,1,0,0,0,1,1,1,1,1,0,0,1,1,0,0,0,0,0,0,0,0,0,0,0,0,0,0,0,0,0,0,0,0,0,0,0,0,0,0,0,0,0,0,0,0,0,0,0,0,0,0,0,0,0,0,0,0,0,0,0,0,0,0,0,0,0,0,0,0,0,0,0,0,0,0,0,0,0,0,0,0,0,0,0,0,0,0,0,0,0,0,0,0,0,0,0,0,0,0,0,0,0,0,0,0,0,0,0,0,0,0,0,0,0,0,0,0,0,0,0,0,0,0,0,0,0,0,0,0,0,0,0,0,0,0,0,0,0,0,0,0,0,0,0,0,0,0,0,0,0,0,0,0,0,0,0,0,0,0,0,0,0,0,0,0,0,0,0,0,0,0,0,0,0,0,0,0,0,0,0,0,0,0,0,0,0,0,0,0,0,0,0,0,0,0,0,0,0,0,0,0,0,0,0,0
59,67800,53578,25374,22213,20610,14282,11710,8799,6575,5018,3631,2815,2814,2118,1793,1763,1327,1364,1280,1021,1400,1326,1183,1273,1236,670,995,1007,883,753,788,1018,990,935,785,585,659,670,506,730,764,712,525,536,631,537,581,523,530,507,411,576,473,542,436,504,450,392,396,371,481,484,390,432,367,377,424,383,330,380,282,307,306,318,248,305,294,306,318,273,303,253,229,240,195,206,254,203,187,248,200,193,214,196,158,194,171,221,156,181,140,112,139,128,171,160,161,176,163,178,136,176,138,153,168,122,114,144,153,118,146,124,131,137,134,110,117,133,103,83,126,93,90,96,92,85,88,94,85,77,67,74,87,84,80,93,68,73,70,76,83,53,66,77,76,76,64,60,75,75,47,70,47,53,52,55,53,57,53,43,53,52,49,29,26,38,49,49,37,45,45,43,36,24,27,32,37,21,32,21,22,23,23,21,28,25,15,24,19,23,19,21,11,18,16,14,14,15,18,18,17,17,9,18,14,18,17,16,16,7,10,15,14,14,6,13,10,6,8,9,7,10,5,7,7,6,6,1,4,4,2,4,4,1,4,3,3,3,3,3,3,3,3,2,3,3,3,3,3,2,2,2,2,1,1,2,2,2,2,2,2,2,1,2,1,1,0,1,0,0,1,1,1,0,1,1,1,1,1,1,1,1,0,1,1,0,0,0,0,0,0,0,0,0,0,0,0,0,0,0,0,0,0,0,0,0,0,0,0,0,0,0,0,0,0,0,0,0,0,0,0,0,0,0,0,0,0,0,0,0,0,0,0,0,0,0,0,0,0,0,0,0,0,0,0,0,0,0,0,0,0,0,0,0,0,0,0,0,0,0,0,0,0,0,0,0,0,0,0,0,0,0,0,0,0,0,0,0,0,0,0,0,0,0,0,0,0,0,0,0,0,0,0,0,0,0,0,0,0,0,0,0,0,0,0,0,0,0,0,0,0,0,0,0,0,0,0,0,0,0,0,0,0,0,0,0,0,0,0,0,0,0,0,0,0,0,0,0,0,0,0,0,0,0,0,0,0,0,0,0,0,0,0,0,0,0,0,0,0,0,0,0,0,0,0,0,0,0,0,0,0,0,0,0,0,0,0
60,67800,59138,28768,24873,21638,16018,15793,8897,7245,5683,4204,3401,3244,2383,1996,1934,1914,1642,1600,1593,1407,1395,1306,1273,1237,1236,1120,1086,1071,1049,1037,1018,990,936,906,837,830,798,789,776,766,712,646,634,633,632,627,626,624,600,599,577,568,543,533,514,514,511,509,505,494,484,476,455,433,425,424,414,396,394,381,380,367,363,355,332,327,326,319,317,307,302,296,274,259,254,254,251,248,248,245,244,233,231,225,223,222,221,221,219,207,202,201,201,196,194,190,188,187,185,181,176,169,169,168,165,161,160,153,152,146,139,138,137,136,135,134,133,131,131,126,126,120,115,115,114,113,113,112,102,100,100,99,95,94,93,90,90,89,89,88,84,83,82,76,76,75,75,75,75,73,70,67,67,66,65,65,64,60,57,56,55,54,52,52,51,50,49,48,47,47,43,42,40,40,37,37,35,32,31,30,30,30,28,28,27,27,26,24,24,24,23,23,22,22,21,21,21,20,19,19,19,19,18,18,18,17,16,16,15,15,15,14,14,14,13,13,12,12,11,11,10,8,7,7,6,6,5,5,5,4,4,4,4,4,3,3,3,3,3,3,3,3,3,3,3,3,3,3,2,2,2,2,2,2,2,2,2,2,2,2,2,2,2,1,1,1,1,1,1,1,1,1,1,1,1,1,1,1,1,1,1,1,1,1,0,0,0,0,0,0,0,0,0,0,0,0,0,0,0,0,0,0,0,0,0,0,0,0,0,0,0,0,0,0,0,0,0,0,0,0,0,0,0,0,0,0,0,0,0,0,0,0,0,0,0,0,0,0,0,0,0,0,0,0,0,0,0,0,0,0,0,0,0,0,0,0,0,0,0,0,0,0,0,0,0,0,0,0,0,0,0,0,0,0,0,0,0,0,0,0,0,0,0,0,0,0,0,0,0,0,0,0,0,0,0,0,0,0,0,0,0,0,0,0,0,0,0,0,0,0,0,0,0,0,0,0,0,0,0,0,0,0,0,0,0,0,0,0,0,0,0,0,0,0,0,0,0,0,0,0,0,0,0,0,0,0,0,0,0,0,0,0,0,0,0,0,0,0,0,0,0,0,0,0,0,0,0,0,0,0,0,0,0,0,0,0
